Day,Time,Group,Food Name,Amount,Energy (kcal),Alcohol (g),Caffeine (mg),Oxalate (mg),Phytate (mg),Water (g),B1 (Thiamine) (mg),B2 (Riboflavin) (mg),B3 (Niacin) (mg),B5 (Pantothenic Acid) (mg),B6 (Pyridoxine) (mg),B12 (Cobalamin) (µg),Folate (µg),Vitamin A (µg),Vitamin C (mg),Vitamin D (IU),Vitamin E (mg),Vitamin K (µg),Calcium (mg),Copper (mg),Iron (mg),Magnesium (mg),Manganese (mg),Phosphorus (mg),Potassium (mg),Selenium (µg),Sodium (mg),Zinc (mg),Net Carbs (g),Carbs (g),Fiber (g),Insoluble Fiber (g),Soluble Fiber (g),Starch (g),Sugars (g),Added Sugars (g),Fat (g),Cholesterol (mg),Monounsaturated (g),Polyunsaturated (g),Saturated (g),Trans-Fats (g),Omega-3 (g),ALA (g),DHA (g),EPA (g),Omega-6 (g),AA (g),LA (g),Cystine (g),Histidine (g),Isoleucine (g),Leucine (g),Lysine (g),Methionine (g),Phenylalanine (g),Protein (g),Threonine (g),Tryptophan (g),Tyrosine (g),Valine (g),Category
2026-05-05,12:11 ,"Uncategorized","Water","236.59 mL",0.00,0.00,0.00,0.00,,236.59,0.00,0.00,0.00,0.00,0.00,0.00,0.00,0.00,0.00,0.00,0.00,0.00,0.00,0.00,0.00,0.00,0.00,0.00,0.00,0.00,0.00,0.00,0.00,0.00,0.00,,,0.00,0.00,0.00,0.00,0.00,0.00,0.00,0.00,0.00,0.00,,,,0.00,,,0.00,0.00,0.00,0.00,0.00,0.00,0.00,0.00,0.00,0.00,0.00,0.00,"Beverages"
2026-05-05,12:11 ,"Uncategorized","Water","236.59 mL",0.00,0.00,0.00,0.00,,236.59,0.00,0.00,0.00,0.00,0.00,0.00,0.00,0.00,0.00,0.00,0.00,0.00,0.00,0.00,0.00,0.00,0.00,0.00,0.00,0.00,0.00,0.00,0.00,0.00,0.00,,,0.00,0.00,0.00,0.00,0.00,0.00,0.00,0.00,0.00,0.00,,,,0.00,,,0.00,0.00,0.00,0.00,0.00,0.00,0.00,0.00,0.00,0.00,0.00,0.00,"Beverages"
2026-05-05,12:11 ,"Uncategorized","Water","236.59 mL",0.00,0.00,0.00,0.00,,236.59,0.00,0.00,0.00,0.00,0.00,0.00,0.00,0.00,0.00,0.00,0.00,0.00,0.00,0.00,0.00,0.00,0.00,0.00,0.00,0.00,0.00,0.00,0.00,0.00,0.00,,,0.00,0.00,0.00,0.00,0.00,0.00,0.00,0.00,0.00,0.00,,,,0.00,,,0.00,0.00,0.00,0.00,0.00,0.00,0.00,0.00,0.00,0.00,0.00,0.00,"Beverages"
2026-05-05,12:11 ,"Uncategorized","Water","236.59 mL",0.00,0.00,0.00,0.00,,236.59,0.00,0.00,0.00,0.00,0.00,0.00,0.00,0.00,0.00,0.00,0.00,0.00,0.00,0.00,0.00,0.00,0.00,0.00,0.00,0.00,0.00,0.00,0.00,0.00,0.00,,,0.00,0.00,0.00,0.00,0.00,0.00,0.00,0.00,0.00,0.00,,,,0.00,,,0.00,0.00,0.00,0.00,0.00,0.00,0.00,0.00,0.00,0.00,0.00,0.00,"Beverages"
2026-05-05,12:12 ,"Uncategorized","Water","236.59 mL",0.00,0.00,0.00,0.00,,236.59,0.00,0.00,0.00,0.00,0.00,0.00,0.00,0.00,0.00,0.00,0.00,0.00,0.00,0.00,0.00,0.00,0.00,0.00,0.00,0.00,0.00,0.00,0.00,0.00,0.00,,,0.00,0.00,0.00,0.00,0.00,0.00,0.00,0.00,0.00,0.00,,,,0.00,,,0.00,0.00,0.00,0.00,0.00,0.00,0.00,0.00,0.00,0.00,0.00,0.00,"Beverages"
2026-05-05,12:13 ,"Uncategorized","Water","236.59 mL",0.00,0.00,0.00,0.00,,236.59,0.00,0.00,0.00,0.00,0.00,0.00,0.00,0.00,0.00,0.00,0.00,0.00,0.00,0.00,0.00,0.00,0.00,0.00,0.00,0.00,0.00,0.00,0.00,0.00,0.00,,,0.00,0.00,0.00,0.00,0.00,0.00,0.00,0.00,0.00,0.00,,,,0.00,,,0.00,0.00,0.00,0.00,0.00,0.00,0.00,0.00,0.00,0.00,0.00,0.00,"Beverages"
2026-05-05,20:19 ,"Uncategorized","Water","236.59 mL",0.00,0.00,0.00,0.00,,236.59,0.00,0.00,0.00,0.00,0.00,0.00,0.00,0.00,0.00,0.00,0.00,0.00,0.00,0.00,0.00,0.00,0.00,0.00,0.00,0.00,0.00,0.00,0.00,0.00,0.00,,,0.00,0.00,0.00,0.00,0.00,0.00,0.00,0.00,0.00,0.00,,,,0.00,,,0.00,0.00,0.00,0.00,0.00,0.00,0.00,0.00,0.00,0.00,0.00,0.00,"Beverages"
2026-05-05,09:39 ,"Breakfast","De Zaanse Hoeve, Yoghurt, Greek Style, 2% Fat","246.00 g",150.42,,,,,,,,,,,,,,,,,,,,,,,,,,98.40,,11.64,11.64,0.00,,,,11.64,,4.92,,0.98,,3.28,,,,,,,,,,,,,,,,14.76,,,,,"Dairy and Egg Products"
2026-05-05,09:41 ,"Breakfast","barnhouse, Krunchy Dinkel mit regionalem Dinkel","60.00 g",270.56,,,,,,,,,,,,,,,,,,,,,,,,,,42.00,,39.60,43.20,3.60,,,,8.40,,9.00,,,,1.85,,,,,,,,,,,,,,,,5.81,,,,,"Breakfast Cereals"
2026-05-05,10:06 ,"Breakfast","Jazz, Fresh Apple","100.00 g",53.72,,,,,85.56,0.02,0.03,0.09,0.06,0.04,,3.00,3.00,4.60,0.00,0.18,2.20,6.20,0.03,0.12,5.00,0.04,11.00,107.44,,1.00,0.04,11.98,14.05,2.07,,,0.05,10.33,0.00,0.17,0.00,0.01,0.05,0.03,0.00,0.01,,,,0.04,,,0.00,0.00,0.01,0.01,0.01,0.00,0.01,0.41,0.01,0.00,0.00,0.01,"Fruits and Fruit Juices"
2026-05-05,09:43 ,"Breakfast","Honey","1.00 oz",86.18,,,,,4.85,,0.01,0.03,0.02,0.01,,0.57,,0.14,,,,1.70,0.01,0.12,0.57,0.02,1.13,14.74,0.23,1.13,0.06,23.30,23.36,0.06,,,0.02,23.28,23.28,,,,,,,,,,,,,,0.00,0.00,0.00,0.00,0.00,0.00,0.00,0.09,0.00,0.00,0.00,0.00,"Sweets"
2026-05-05,12:57 ,"Lunch","Ah, Cherry Tomatoes","100.00 g",31.00,,,,,94.52,0.04,0.02,0.59,0.09,0.08,,15.00,42.00,24.00,,0.54,7.90,10.00,0.06,0.27,11.00,0.11,24.00,237.00,,5.00,0.17,4.00,6.00,2.00,,,,4.00,,0.80,,,0.70,0.10,,,,,,,,,0.01,0.01,0.02,0.03,0.03,0.01,0.03,0.90,0.03,0.01,0.01,0.02,"Fruits and Fruit Juices"
2026-05-05,12:57 ,"Lunch","Tesco, White Bread, Medium Sliced","3.00 slice",286.80,,,,,,,,,,,,,,,,,,,,,,,,,,432.00,,54.72,57.48,2.76,,,,3.00,,2.64,,,,0.60,,,,,,,,,,,,,,,,9.72,,,,,"Baked Products"
2026-05-05,12:57 ,"Lunch","Hummus","5.00 tbsp",166.13,0.00,0.00,38.24,180.26,46.79,0.10,0.05,0.56,0.19,0.13,0.00,32.44,1.70,0.62,0.00,0.88,4.77,36.59,0.26,1.27,42.87,0.58,103.13,107.70,5.43,126.90,0.83,8.90,12.83,3.89,3.52,0.37,7.58,2.18,0.00,11.27,0.00,5.61,3.12,1.50,0.05,0.08,0.08,0.00,0.00,2.95,0.00,2.95,0.08,0.15,0.22,0.39,0.29,0.11,0.28,5.18,0.21,0.06,0.15,0.24,"Legumes and Legume Products"
2026-05-05,13:13 ,"Dinner","Salmon Puttanesca","2.00 serving",823.55,0.00,0.00,50.12,48.98,387.16,0.54,0.52,21.40,3.72,1.70,6.55,89.89,210.12,62.39,906.32,14.22,117.90,163.67,0.46,4.79,109.62,0.63,592.20,1433.13,58.14,1805.24,1.76,17.50,24.07,6.34,5.33,1.01,1.99,10.64,2.64,61.36,119.07,31.82,11.70,11.12,0.05,5.56,0.61,2.35,1.81,5.21,0.00,3.24,0.52,1.26,2.21,3.66,4.21,1.39,1.95,48.42,1.98,0.49,1.71,2.52,""
2026-05-05,17:28 ,"Snacks","AH Paprika Chips","1.00 package",209.00,,,,,,,,,,,,,,,,,,,,,,,,,,560.00,,22.00,24.40,2.40,,,,1.30,,12.00,,,,1.00,,,,,,,,,,,,,,,,0.55,,,,,"Snacks"
2026-05-05,21:51 ,"Snacks","Woodford Reserve, Kentucky Straight Bourbon Whiskey","6.00 x 1.5 oz",660.00,96.00,0.00,,,,,,,,,,,,,,,,,,,,,,,,0.00,,0.00,0.00,,,,,0.00,,0.00,,,,,,,,,,,,,,,,,,,,0.00,,,,,"Beverages"
2026-05-06,12:49 ,"Uncategorized","Water","236.59 mL",0.00,0.00,0.00,0.00,,236.59,0.00,0.00,0.00,0.00,0.00,0.00,0.00,0.00,0.00,0.00,0.00,0.00,0.00,0.00,0.00,0.00,0.00,0.00,0.00,0.00,0.00,0.00,0.00,0.00,0.00,,,0.00,0.00,0.00,0.00,0.00,0.00,0.00,0.00,0.00,0.00,,,,0.00,,,0.00,0.00,0.00,0.00,0.00,0.00,0.00,0.00,0.00,0.00,0.00,0.00,"Beverages"
2026-05-06,12:49 ,"Uncategorized","Water","236.59 mL",0.00,0.00,0.00,0.00,,236.59,0.00,0.00,0.00,0.00,0.00,0.00,0.00,0.00,0.00,0.00,0.00,0.00,0.00,0.00,0.00,0.00,0.00,0.00,0.00,0.00,0.00,0.00,0.00,0.00,0.00,,,0.00,0.00,0.00,0.00,0.00,0.00,0.00,0.00,0.00,0.00,,,,0.00,,,0.00,0.00,0.00,0.00,0.00,0.00,0.00,0.00,0.00,0.00,0.00,0.00,"Beverages"
2026-05-06,12:49 ,"Uncategorized","Water","236.59 mL",0.00,0.00,0.00,0.00,,236.59,0.00,0.00,0.00,0.00,0.00,0.00,0.00,0.00,0.00,0.00,0.00,0.00,0.00,0.00,0.00,0.00,0.00,0.00,0.00,0.00,0.00,0.00,0.00,0.00,0.00,,,0.00,0.00,0.00,0.00,0.00,0.00,0.00,0.00,0.00,0.00,,,,0.00,,,0.00,0.00,0.00,0.00,0.00,0.00,0.00,0.00,0.00,0.00,0.00,0.00,"Beverages"
2026-05-06,17:25 ,"Uncategorized","Water","236.59 mL",0.00,0.00,0.00,0.00,,236.59,0.00,0.00,0.00,0.00,0.00,0.00,0.00,0.00,0.00,0.00,0.00,0.00,0.00,0.00,0.00,0.00,0.00,0.00,0.00,0.00,0.00,0.00,0.00,0.00,0.00,,,0.00,0.00,0.00,0.00,0.00,0.00,0.00,0.00,0.00,0.00,,,,0.00,,,0.00,0.00,0.00,0.00,0.00,0.00,0.00,0.00,0.00,0.00,0.00,0.00,"Beverages"
2026-05-06,17:25 ,"Uncategorized","Water","236.59 mL",0.00,0.00,0.00,0.00,,236.59,0.00,0.00,0.00,0.00,0.00,0.00,0.00,0.00,0.00,0.00,0.00,0.00,0.00,0.00,0.00,0.00,0.00,0.00,0.00,0.00,0.00,0.00,0.00,0.00,0.00,,,0.00,0.00,0.00,0.00,0.00,0.00,0.00,0.00,0.00,0.00,,,,0.00,,,0.00,0.00,0.00,0.00,0.00,0.00,0.00,0.00,0.00,0.00,0.00,0.00,"Beverages"
2026-05-06,17:25 ,"Uncategorized","Water","236.59 mL",0.00,0.00,0.00,0.00,,236.59,0.00,0.00,0.00,0.00,0.00,0.00,0.00,0.00,0.00,0.00,0.00,0.00,0.00,0.00,0.00,0.00,0.00,0.00,0.00,0.00,0.00,0.00,0.00,0.00,0.00,,,0.00,0.00,0.00,0.00,0.00,0.00,0.00,0.00,0.00,0.00,,,,0.00,,,0.00,0.00,0.00,0.00,0.00,0.00,0.00,0.00,0.00,0.00,0.00,0.00,"Beverages"
2026-05-06,18:24 ,"Uncategorized","AH Paprika Chips","1.00 package",209.00,,,,,,,,,,,,,,,,,,,,,,,,,,560.00,,22.00,24.40,2.40,,,,1.30,,12.00,,,,1.00,,,,,,,,,,,,,,,,0.55,,,,,"Snacks"
2026-05-06,20:10 ,"Uncategorized","Water","236.59 mL",0.00,0.00,0.00,0.00,,236.59,0.00,0.00,0.00,0.00,0.00,0.00,0.00,0.00,0.00,0.00,0.00,0.00,0.00,0.00,0.00,0.00,0.00,0.00,0.00,0.00,0.00,0.00,0.00,0.00,0.00,,,0.00,0.00,0.00,0.00,0.00,0.00,0.00,0.00,0.00,0.00,,,,0.00,,,0.00,0.00,0.00,0.00,0.00,0.00,0.00,0.00,0.00,0.00,0.00,0.00,"Beverages"
2026-05-06,20:10 ,"Uncategorized","Water","236.59 mL",0.00,0.00,0.00,0.00,,236.59,0.00,0.00,0.00,0.00,0.00,0.00,0.00,0.00,0.00,0.00,0.00,0.00,0.00,0.00,0.00,0.00,0.00,0.00,0.00,0.00,0.00,0.00,0.00,0.00,0.00,,,0.00,0.00,0.00,0.00,0.00,0.00,0.00,0.00,0.00,0.00,,,,0.00,,,0.00,0.00,0.00,0.00,0.00,0.00,0.00,0.00,0.00,0.00,0.00,0.00,"Beverages"
2026-05-06,20:10 ,"Uncategorized","Water","236.59 mL",0.00,0.00,0.00,0.00,,236.59,0.00,0.00,0.00,0.00,0.00,0.00,0.00,0.00,0.00,0.00,0.00,0.00,0.00,0.00,0.00,0.00,0.00,0.00,0.00,0.00,0.00,0.00,0.00,0.00,0.00,,,0.00,0.00,0.00,0.00,0.00,0.00,0.00,0.00,0.00,0.00,,,,0.00,,,0.00,0.00,0.00,0.00,0.00,0.00,0.00,0.00,0.00,0.00,0.00,0.00,"Beverages"
2026-05-06,12:48 ,"Breakfast","De Zaanse Hoeve, Yoghurt, Greek Style, 2% Fat","200.00 g",122.29,,,,,,,,,,,,,,,,,,,,,,,,,,80.00,,9.47,9.47,0.00,,,,9.47,,4.00,,0.80,,2.67,,,,,,,,,,,,,,,,12.00,,,,,"Dairy and Egg Products"
2026-05-06,12:48 ,"Breakfast","Tenzing, Natural Energy Drink, Raspberry & Yuzu","1.00 Can",62.70,,105.60,,,,,,,,,,,,15.84,,,,,,,,,,,,132.00,,14.85,14.85,,,,,14.85,,0.00,,,,0.00,,,,,,,,,,,,,,,,0.00,,,,,"Beverages"
2026-05-06,12:49 ,"Lunch","Chicken sandwich, with mayo","1.00 sandwich",322.99,0.00,0.00,14.80,35.25,72.52,0.32,0.29,6.54,0.69,0.33,0.36,104.61,72.49,0.00,9.36,0.45,8.09,236.35,0.09,2.29,33.21,0.31,296.89,291.31,28.34,1025.74,1.48,28.51,30.07,1.53,0.52,1.02,22.03,3.73,3.53,13.35,49.23,3.22,3.49,5.19,0.27,0.38,0.37,0.00,0.00,2.98,0.02,2.95,0.21,0.47,0.69,1.37,1.10,0.43,0.76,19.67,0.69,0.27,0.64,0.79,"Meals, Entrees, and Sidedishes"
2026-05-06,12:49 ,"Lunch","Breakfast Sausage, Pork","80.00 g",350.40,0.00,0.00,0.71,0.00,31.71,0.19,0.14,3.46,0.52,0.11,0.61,0.80,17.60,0.00,32.80,0.70,2.32,13.60,0.07,0.76,12.00,0.05,154.40,180.00,18.00,792.00,1.27,0.48,0.50,0.00,0.00,0.00,0.00,0.50,0.50,33.33,63.20,13.16,6.43,10.85,0.17,0.26,0.23,0.01,0.00,5.65,0.05,5.60,0.15,0.35,0.48,0.89,0.81,0.28,0.43,12.10,0.40,0.12,0.34,0.57,"Sausages and Luncheon Meats"
2026-05-06,17:44 ,"Dinner","Baked Fish in Tahini Sauce","1.00 serving",705.13,0.00,0.00,179.97,662.76,347.83,0.63,0.35,6.12,0.89,0.87,1.37,106.79,38.86,79.51,54.00,5.59,58.83,122.07,0.82,5.18,221.30,1.42,663.26,1175.61,69.21,124.86,3.66,24.97,31.53,6.37,4.71,1.34,6.96,9.09,0.00,51.34,64.50,26.50,14.54,7.13,0.24,0.59,0.30,0.18,0.10,13.80,0.00,13.79,0.46,1.08,1.65,2.95,2.83,1.12,1.58,37.75,1.60,0.45,1.30,1.91,""
2026-05-06,17:24 ,"Snacks","Tesco, White Bread, Medium Sliced","2.00 slice",191.20,,,,,,,,,,,,,,,,,,,,,,,,,,288.00,,36.48,38.32,1.84,,,,2.00,,1.76,,,,0.40,,,,,,,,,,,,,,,,6.48,,,,,"Baked Products"
2026-05-06,17:24 ,"Snacks","Hummus","3.00 tbsp",99.68,0.00,0.00,22.94,108.16,28.07,0.06,0.03,0.34,0.11,0.08,0.00,19.47,1.02,0.37,0.00,0.53,2.86,21.96,0.16,0.76,25.72,0.35,61.88,64.62,3.26,76.14,0.50,5.34,7.70,2.33,2.11,0.22,4.55,1.31,0.00,6.76,0.00,3.37,1.87,0.90,0.03,0.05,0.05,0.00,0.00,1.77,0.00,1.77,0.05,0.09,0.13,0.23,0.17,0.06,0.17,3.11,0.12,0.04,0.09,0.14,"Legumes and Legume Products"
2026-05-06,17:24 ,"Snacks","Ah, Cherry Tomatoes","50.00 g",15.50,,,,,47.26,0.02,0.01,0.30,0.04,0.04,,7.50,21.00,12.00,,0.27,3.95,5.00,0.03,0.14,5.50,0.06,12.00,118.50,,2.50,0.09,2.00,3.00,1.00,,,,2.00,,0.40,,,0.35,0.05,,,,,,,,,0.00,0.01,0.01,0.01,0.01,0.00,0.01,0.45,0.01,0.00,0.01,0.01,"Fruits and Fruit Juices"
2026-05-07,17:13 ,"Uncategorized","Albert Heijn, Bacon Egg Sandwich","1.00 Package",408.72,,,,,,,,,,,,,,,,,,,,,,,,,,655.20,,28.08,30.11,2.03,,,,1.25,,23.40,,,,4.99,,,,,,,,,,,,,,,,20.28,,,,,"Meals, Entrees, and Sidedishes"
2026-05-07,22:11 ,"Uncategorized","Coke","3.00 small can - each 8 fl oz",272.62,0.00,72.21,0.88,0.00,665.40,0.00,0.00,0.00,0.00,0.00,0.00,0.00,0.00,0.00,0.00,0.00,0.00,14.74,0.01,0.81,0.00,0.01,73.68,14.74,0.74,29.47,0.15,70.43,70.44,0.00,0.00,0.00,0.00,66.09,66.09,0.15,0.00,0.00,0.00,0.00,0.00,0.00,0.00,0.00,0.00,0.00,0.00,0.00,0.00,0.00,0.00,0.00,0.00,0.00,0.00,0.52,0.00,0.00,0.00,0.00,"Beverages"
2026-05-07,22:12 ,"Uncategorized","Jack Daniel's, Tennessee Whiskey, Sour Mash","6.00 x 25.0 ml",328.17,48.00,,,,,,,,,,,,,,,,,,,,,,,,,,,,,,,,,,,,,,,,,,,,,,,,,,,,,,,,,,,,"Beverages"
2026-05-07,16:49 ,"Breakfast","Tenzing, Natural Energy Drink, Raspberry & Yuzu","1.00 Can",62.70,,105.60,,,,,,,,,,,,15.84,,,,,,,,,,,,132.00,,14.85,14.85,,,,,14.85,,0.00,,,,0.00,,,,,,,,,,,,,,,,0.00,,,,,"Beverages"
2026-05-07,16:48 ,"Breakfast","De Zaanse Hoeve, Yoghurt, Greek Style, 2% Fat","250.00 g",152.86,,,,,,,,,,,,,,,,,,,,,,,,,,100.00,,11.83,11.83,0.00,,,,11.83,,5.00,,1.00,,3.33,,,,,,,,,,,,,,,,15.00,,,,,"Dairy and Egg Products"
2026-05-07,16:49 ,"Breakfast","barnhouse, Krunchy Dinkel mit regionalem Dinkel","70.00 g",315.66,,,,,,,,,,,,,,,,,,,,,,,,,,49.00,,46.20,50.40,4.20,,,,9.80,,10.50,,,,2.16,,,,,,,,,,,,,,,,6.78,,,,,"Breakfast Cereals"
2026-05-07,16:49 ,"Lunch","Chicken sandwich, with mayo","1.00 sandwich",322.99,0.00,0.00,14.80,35.25,72.52,0.32,0.29,6.54,0.69,0.33,0.36,104.61,72.49,0.00,9.36,0.45,8.09,236.35,0.09,2.29,33.21,0.31,296.89,291.31,28.34,1025.74,1.48,28.51,30.07,1.53,0.52,1.02,22.03,3.73,3.53,13.35,49.23,3.22,3.49,5.19,0.27,0.38,0.37,0.00,0.00,2.98,0.02,2.95,0.21,0.47,0.69,1.37,1.10,0.43,0.76,19.67,0.69,0.27,0.64,0.79,"Meals, Entrees, and Sidedishes"
2026-05-07,16:50 ,"Lunch","Smoked Sausage, Pork and Beef, with Cheese","2.00 oz",176.13,0.00,0.00,0.68,0.00,30.51,0.08,0.10,1.24,0.18,0.08,0.45,2.36,15.29,0.00,22.04,0.19,0.28,39.03,0.03,0.52,7.03,0.01,76.90,83.32,9.07,546.41,1.32,2.02,2.03,0.00,0.00,0.00,0.00,0.90,0.88,15.20,36.55,6.36,1.27,6.39,0.36,0.09,0.09,0.00,0.00,1.02,0.03,0.99,0.08,0.27,0.35,0.60,0.61,0.19,0.30,7.43,0.33,0.10,0.27,0.40,"Sausages and Luncheon Meats"
2026-05-07,16:55 ,"Snacks","Japanese Rice Crackers","10.00 each",124.64,0.00,0.00,2.08,55.91,3.60,0.18,0.02,1.30,0.31,0.05,0.00,120.01,0.00,0.00,0.00,0.45,0.35,8.84,0.07,1.34,7.77,0.34,35.66,72.90,4.81,69.94,0.34,24.37,24.79,0.40,0.40,0.00,24.35,0.04,0.00,1.50,0.00,0.57,0.51,0.31,0.00,0.03,0.03,0.00,0.00,0.48,0.00,0.48,0.05,0.05,0.10,0.18,0.08,0.05,0.12,2.21,0.08,0.03,0.07,0.14,"Baked Products"
2026-05-08,19:47 ,"Uncategorized","Water","236.59 mL",0.00,0.00,0.00,0.00,,236.59,0.00,0.00,0.00,0.00,0.00,0.00,0.00,0.00,0.00,0.00,0.00,0.00,0.00,0.00,0.00,0.00,0.00,0.00,0.00,0.00,0.00,0.00,0.00,0.00,0.00,,,0.00,0.00,0.00,0.00,0.00,0.00,0.00,0.00,0.00,0.00,,,,0.00,,,0.00,0.00,0.00,0.00,0.00,0.00,0.00,0.00,0.00,0.00,0.00,0.00,"Beverages"
2026-05-08,19:47 ,"Uncategorized","Water","236.59 mL",0.00,0.00,0.00,0.00,,236.59,0.00,0.00,0.00,0.00,0.00,0.00,0.00,0.00,0.00,0.00,0.00,0.00,0.00,0.00,0.00,0.00,0.00,0.00,0.00,0.00,0.00,0.00,0.00,0.00,0.00,,,0.00,0.00,0.00,0.00,0.00,0.00,0.00,0.00,0.00,0.00,,,,0.00,,,0.00,0.00,0.00,0.00,0.00,0.00,0.00,0.00,0.00,0.00,0.00,0.00,"Beverages"
2026-05-08,08:50 ,"Breakfast","De Zaanse Hoeve, Yoghurt, Greek Style, 2% Fat","200.00 g",122.29,,,,,,,,,,,,,,,,,,,,,,,,,,80.00,,9.47,9.47,0.00,,,,9.47,,4.00,,0.80,,2.67,,,,,,,,,,,,,,,,12.00,,,,,"Dairy and Egg Products"
2026-05-08,08:50 ,"Breakfast","barnhouse, Krunchy Dinkel mit regionalem Dinkel","60.00 g",270.56,,,,,,,,,,,,,,,,,,,,,,,,,,42.00,,39.60,43.20,3.60,,,,8.40,,9.00,,,,1.85,,,,,,,,,,,,,,,,5.81,,,,,"Breakfast Cereals"
2026-05-08,13:44 ,"Breakfast","Water","236.59 mL",0.00,0.00,0.00,0.00,,236.59,0.00,0.00,0.00,0.00,0.00,0.00,0.00,0.00,0.00,0.00,0.00,0.00,0.00,0.00,0.00,0.00,0.00,0.00,0.00,0.00,0.00,0.00,0.00,0.00,0.00,,,0.00,0.00,0.00,0.00,0.00,0.00,0.00,0.00,0.00,0.00,,,,0.00,,,0.00,0.00,0.00,0.00,0.00,0.00,0.00,0.00,0.00,0.00,0.00,0.00,"Beverages"
2026-05-08,08:50 ,"Breakfast","Tenzing, Natural Energy Drink, Raspberry & Yuzu","1.00 Can",62.70,,105.60,,,,,,,,,,,,15.84,,,,,,,,,,,,132.00,,14.85,14.85,,,,,14.85,,0.00,,,,0.00,,,,,,,,,,,,,,,,0.00,,,,,"Beverages"
2026-05-08,11:59 ,"Lunch","Salmon, Smoked","50.00 g",58.50,0.00,0.00,0.06,0.00,36.00,0.01,0.05,2.36,0.43,0.14,1.63,1.00,13.00,0.00,22.80,0.68,0.05,5.50,0.11,0.43,9.00,0.01,82.00,87.50,16.20,336.00,0.16,0.00,0.00,0.00,0.00,0.00,0.00,0.00,0.00,2.16,11.50,1.01,0.50,0.46,0.00,0.26,0.00,0.13,0.09,0.24,0.00,0.24,0.10,0.27,0.42,0.74,0.84,0.27,0.36,9.14,0.40,0.10,0.31,0.47,"Finfish and Shellfish Products"
2026-05-08,12:02 ,"Lunch","Laoganma, Spicy Chilli Crisp","5.00 g",35.00,,,,,,,,,,,,,0.00,0.00,,,,0.00,,0.00,,,,,,45.83,,0.17,0.58,0.42,,,,0.17,,3.42,0.00,,,0.33,0.00,,,,,,,,,,,,,,,0.33,,,,,"Fats and Oils"
2026-05-08,11:59 ,"Lunch","Tesco, White Bread, Medium Sliced","1.00 slice",95.60,,,,,,,,,,,,,,,,,,,,,,,,,,144.00,,18.24,19.16,0.92,,,,1.00,,0.88,,,,0.20,,,,,,,,,,,,,,,,3.24,,,,,"Baked Products"
2026-05-08,13:44 ,"Lunch","Water","236.59 mL",0.00,0.00,0.00,0.00,,236.59,0.00,0.00,0.00,0.00,0.00,0.00,0.00,0.00,0.00,0.00,0.00,0.00,0.00,0.00,0.00,0.00,0.00,0.00,0.00,0.00,0.00,0.00,0.00,0.00,0.00,,,0.00,0.00,0.00,0.00,0.00,0.00,0.00,0.00,0.00,0.00,,,,0.00,,,0.00,0.00,0.00,0.00,0.00,0.00,0.00,0.00,0.00,0.00,0.00,0.00,"Beverages"
2026-05-08,11:50 ,"Lunch","Shrimp, Cooked from Fresh","200.00 g",198.00,0.00,0.00,0.20,0.00,148.66,0.06,0.04,4.83,0.94,0.44,3.00,44.00,30.00,0.00,1.28,0.80,0.20,140.00,0.76,1.02,78.00,0.07,474.00,518.00,89.40,222.00,3.28,0.39,0.40,0.00,0.00,0.00,0.40,0.00,0.00,0.56,378.00,0.10,0.16,0.11,0.00,0.06,0.00,0.03,0.03,0.05,0.01,0.04,0.57,1.05,2.21,4.11,4.57,1.40,2.09,47.96,1.90,0.55,1.81,2.25,"Finfish and Shellfish Products"
2026-05-08,11:59 ,"Lunch","Hummus","3.00 tbsp",99.68,0.00,0.00,22.94,108.16,28.07,0.06,0.03,0.34,0.11,0.08,0.00,19.47,1.02,0.37,0.00,0.53,2.86,21.96,0.16,0.76,25.72,0.35,61.88,64.62,3.26,76.14,0.50,5.34,7.70,2.33,2.11,0.22,4.55,1.31,0.00,6.76,0.00,3.37,1.87,0.90,0.03,0.05,0.05,0.00,0.00,1.77,0.00,1.77,0.05,0.09,0.13,0.23,0.17,0.06,0.17,3.11,0.12,0.04,0.09,0.14,"Legumes and Legume Products"
2026-05-08,13:33 ,"Dinner","Harissa Glazed Aubergine Halloumi","1.00 serving",881.06,0.00,0.00,112.45,384.23,647.02,0.30,0.71,3.95,2.34,0.73,0.59,242.59,453.28,38.36,9.50,4.77,279.01,1068.75,0.75,3.92,160.74,2.22,848.12,1582.94,19.42,2743.14,6.18,54.16,79.98,25.00,18.49,3.61,15.46,43.26,11.53,48.07,74.81,17.40,4.17,22.28,0.95,0.39,0.21,0.00,0.00,3.16,0.00,2.17,0.14,0.33,0.57,0.89,0.77,0.17,0.64,42.84,0.49,0.13,0.34,0.62,""
2026-05-08,13:44 ,"Dinner","Water","236.59 mL",0.00,0.00,0.00,0.00,,236.59,0.00,0.00,0.00,0.00,0.00,0.00,0.00,0.00,0.00,0.00,0.00,0.00,0.00,0.00,0.00,0.00,0.00,0.00,0.00,0.00,0.00,0.00,0.00,0.00,0.00,,,0.00,0.00,0.00,0.00,0.00,0.00,0.00,0.00,0.00,0.00,,,,0.00,,,0.00,0.00,0.00,0.00,0.00,0.00,0.00,0.00,0.00,0.00,0.00,0.00,"Beverages"
2026-05-08,13:44 ,"Dinner","Water","236.59 mL",0.00,0.00,0.00,0.00,,236.59,0.00,0.00,0.00,0.00,0.00,0.00,0.00,0.00,0.00,0.00,0.00,0.00,0.00,0.00,0.00,0.00,0.00,0.00,0.00,0.00,0.00,0.00,0.00,0.00,0.00,,,0.00,0.00,0.00,0.00,0.00,0.00,0.00,0.00,0.00,0.00,,,,0.00,,,0.00,0.00,0.00,0.00,0.00,0.00,0.00,0.00,0.00,0.00,0.00,0.00,"Beverages"
2026-05-08,13:44 ,"Snacks","Water","236.59 mL",0.00,0.00,0.00,0.00,,236.59,0.00,0.00,0.00,0.00,0.00,0.00,0.00,0.00,0.00,0.00,0.00,0.00,0.00,0.00,0.00,0.00,0.00,0.00,0.00,0.00,0.00,0.00,0.00,0.00,0.00,,,0.00,0.00,0.00,0.00,0.00,0.00,0.00,0.00,0.00,0.00,,,,0.00,,,0.00,0.00,0.00,0.00,0.00,0.00,0.00,0.00,0.00,0.00,0.00,0.00,"Beverages"
2026-05-08,13:44 ,"Snacks","Water","236.59 mL",0.00,0.00,0.00,0.00,,236.59,0.00,0.00,0.00,0.00,0.00,0.00,0.00,0.00,0.00,0.00,0.00,0.00,0.00,0.00,0.00,0.00,0.00,0.00,0.00,0.00,0.00,0.00,0.00,0.00,0.00,,,0.00,0.00,0.00,0.00,0.00,0.00,0.00,0.00,0.00,0.00,,,,0.00,,,0.00,0.00,0.00,0.00,0.00,0.00,0.00,0.00,0.00,0.00,0.00,0.00,"Beverages"
2026-05-08,15:12 ,"Snacks","AH Paprika Chips","1.00 package",209.00,,,,,,,,,,,,,,,,,,,,,,,,,,560.00,,22.00,24.40,2.40,,,,1.30,,12.00,,,,1.00,,,,,,,,,,,,,,,,0.55,,,,,"Snacks"
2026-05-09,08:52 ,"Uncategorized","De Zaanse Hoeve, Yoghurt, Greek Style, 2% Fat","200.00 g",122.29,,,,,,,,,,,,,,,,,,,,,,,,,,80.00,,9.47,9.47,0.00,,,,9.47,,4.00,,0.80,,2.67,,,,,,,,,,,,,,,,12.00,,,,,"Dairy and Egg Products"
2026-05-09,08:52 ,"Uncategorized","barnhouse, Krunchy Dinkel mit regionalem Dinkel","60.00 g",270.56,,,,,,,,,,,,,,,,,,,,,,,,,,42.00,,39.60,43.20,3.60,,,,8.40,,9.00,,,,1.85,,,,,,,,,,,,,,,,5.81,,,,,"Breakfast Cereals"
2026-05-09,08:52 ,"Uncategorized","Asda, Pomegranate Seeds","20.00 g",20.21,,,,,,,,,,,,,,,,,,,,,,,,,,0.40,,3.80,4.60,0.80,,,,2.80,,0.24,,,,0.01,,,,,,,,,,,,,,,,0.34,,,,,"Nut and Seed Products"
2026-05-09,08:53 ,"Uncategorized","Tenzing, Natural Energy Drink, Raspberry & Yuzu","1.00 Can",62.70,,105.60,,,,,,,,,,,,15.84,,,,,,,,,,,,132.00,,14.85,14.85,,,,,14.85,,0.00,,,,0.00,,,,,,,,,,,,,,,,0.00,,,,,"Beverages"
2026-05-09,20:22 ,"Uncategorized","Water","236.59 mL",0.00,0.00,0.00,0.00,,236.59,0.00,0.00,0.00,0.00,0.00,0.00,0.00,0.00,0.00,0.00,0.00,0.00,0.00,0.00,0.00,0.00,0.00,0.00,0.00,0.00,0.00,0.00,0.00,0.00,0.00,,,0.00,0.00,0.00,0.00,0.00,0.00,0.00,0.00,0.00,0.00,,,,0.00,,,0.00,0.00,0.00,0.00,0.00,0.00,0.00,0.00,0.00,0.00,0.00,0.00,"Beverages"
2026-05-09,20:22 ,"Uncategorized","Water","236.59 mL",0.00,0.00,0.00,0.00,,236.59,0.00,0.00,0.00,0.00,0.00,0.00,0.00,0.00,0.00,0.00,0.00,0.00,0.00,0.00,0.00,0.00,0.00,0.00,0.00,0.00,0.00,0.00,0.00,0.00,0.00,,,0.00,0.00,0.00,0.00,0.00,0.00,0.00,0.00,0.00,0.00,,,,0.00,,,0.00,0.00,0.00,0.00,0.00,0.00,0.00,0.00,0.00,0.00,0.00,0.00,"Beverages"
2026-05-09,11:55 ,"Lunch","Salmon, Smoked","100.00 g",117.00,0.00,0.00,0.12,0.00,72.00,0.02,0.10,4.72,0.87,0.28,3.26,2.00,26.00,0.00,45.60,1.35,0.10,11.00,0.23,0.85,18.00,0.02,164.00,175.00,32.40,672.00,0.31,0.00,0.00,0.00,0.00,0.00,0.00,0.00,0.00,4.32,23.00,2.02,1.00,0.93,0.00,0.52,0.00,0.27,0.18,0.47,0.00,0.47,0.20,0.54,0.84,1.49,1.68,0.54,0.71,18.28,0.80,0.20,0.62,0.94,"Finfish and Shellfish Products"
2026-05-09,11:55 ,"Lunch","Hummus","3.00 tbsp",99.68,0.00,0.00,22.94,108.16,28.07,0.06,0.03,0.34,0.11,0.08,0.00,19.47,1.02,0.37,0.00,0.53,2.86,21.96,0.16,0.76,25.72,0.35,61.88,64.62,3.26,76.14,0.50,5.34,7.70,2.33,2.11,0.22,4.55,1.31,0.00,6.76,0.00,3.37,1.87,0.90,0.03,0.05,0.05,0.00,0.00,1.77,0.00,1.77,0.05,0.09,0.13,0.23,0.17,0.06,0.17,3.11,0.12,0.04,0.09,0.14,"Legumes and Legume Products"
2026-05-09,11:54 ,"Lunch","Tasty Basics, Crackers, Cheese - Pepper","3.00 cracker",300.00,,,,,,,,,,,,,,,,,,,,,,,,,,480.00,,13.50,19.80,6.30,,,,2.70,,14.70,,,,3.30,,,,,,,,,,,,,,,,24.90,,,,,"Snacks"
2026-05-09,10:46 ,"Dinner","Miso-Glazed Salmon with Stir-Fried Greens","1.50 serving",420.74,0.00,0.00,22.86,309.49,182.15,0.44,0.83,12.73,2.91,1.44,4.80,70.35,30.81,1.17,0.00,0.11,41.20,94.03,0.80,3.76,96.73,0.94,469.30,1044.59,61.42,3946.66,3.62,20.93,27.42,6.17,5.37,0.81,15.33,6.90,0.00,15.67,81.68,4.29,6.77,2.53,0.00,3.41,0.42,1.66,0.48,2.84,0.00,2.59,0.32,1.12,1.89,3.25,3.21,1.01,1.66,42.84,1.79,0.49,1.36,2.09,""
2026-05-09,20:21 ,"Dinner","Lagunitas, IPA","666.00 ml",346.78,33.03,,,,,,,,,,,,,,,,,,,,,,,,,13.32,,26.64,26.64,,,,,0.00,,2.00,,,,0.00,,,,,,,,,,,,,,,,5.33,,,,,"Beverages"
2026-05-09,15:22 ,"Dinner","Water","236.59 mL",0.00,0.00,0.00,0.00,,236.59,0.00,0.00,0.00,0.00,0.00,0.00,0.00,0.00,0.00,0.00,0.00,0.00,0.00,0.00,0.00,0.00,0.00,0.00,0.00,0.00,0.00,0.00,0.00,0.00,0.00,,,0.00,0.00,0.00,0.00,0.00,0.00,0.00,0.00,0.00,0.00,,,,0.00,,,0.00,0.00,0.00,0.00,0.00,0.00,0.00,0.00,0.00,0.00,0.00,0.00,"Beverages"
2026-05-09,15:22 ,"Dinner","Water","236.59 mL",0.00,0.00,0.00,0.00,,236.59,0.00,0.00,0.00,0.00,0.00,0.00,0.00,0.00,0.00,0.00,0.00,0.00,0.00,0.00,0.00,0.00,0.00,0.00,0.00,0.00,0.00,0.00,0.00,0.00,0.00,,,0.00,0.00,0.00,0.00,0.00,0.00,0.00,0.00,0.00,0.00,,,,0.00,,,0.00,0.00,0.00,0.00,0.00,0.00,0.00,0.00,0.00,0.00,0.00,0.00,"Beverages"
2026-05-09,15:22 ,"Dinner","Water","236.59 mL",0.00,0.00,0.00,0.00,,236.59,0.00,0.00,0.00,0.00,0.00,0.00,0.00,0.00,0.00,0.00,0.00,0.00,0.00,0.00,0.00,0.00,0.00,0.00,0.00,0.00,0.00,0.00,0.00,0.00,0.00,,,0.00,0.00,0.00,0.00,0.00,0.00,0.00,0.00,0.00,0.00,,,,0.00,,,0.00,0.00,0.00,0.00,0.00,0.00,0.00,0.00,0.00,0.00,0.00,0.00,"Beverages"
2026-05-09,15:22 ,"Snacks","Mackerel, Canned, Drained","80.00 g",124.80,0.00,0.00,0.00,0.00,55.34,0.03,0.17,4.94,0.24,0.17,5.55,4.00,104.00,0.72,233.60,0.82,0.08,192.80,0.12,1.63,29.60,0.03,240.80,155.20,30.16,303.20,0.82,0.00,0.00,0.00,0.00,0.00,0.00,0.00,0.00,5.04,63.20,1.78,1.32,1.49,0.09,1.19,0.03,0.64,0.35,0.08,0.06,0.03,0.20,0.55,0.86,1.51,1.70,0.55,0.72,18.55,0.81,0.21,0.63,0.96,"Finfish and Shellfish Products"
2026-05-09,17:34 ,"Snacks","Lay's, Max, Natural","0.40 per",209.60,,,,,,,,,,,,,,,,,,,,,,,,,,176.00,,19.20,21.08,1.88,,,,0.20,,13.20,,,,0.96,,,,,,,,,,,,,,,,2.68,,,,,"Snacks"
2026-05-10,09:10 ,"Breakfast","Tenzing, Natural Energy Drink, Raspberry & Yuzu","1.00 Can",62.70,,105.60,,,,,,,,,,,,15.84,,,,,,,,,,,,132.00,,14.85,14.85,,,,,14.85,,0.00,,,,0.00,,,,,,,,,,,,,,,,0.00,,,,,"Beverages"
2026-05-10,09:10 ,"Breakfast","barnhouse, Krunchy Dinkel mit regionalem Dinkel","50.00 g",225.47,,,,,,,,,,,,,,,,,,,,,,,,,,35.00,,33.00,36.00,3.00,,,,7.00,,7.50,,,,1.55,,,,,,,,,,,,,,,,4.85,,,,,"Breakfast Cereals"
2026-05-10,17:20 ,"Breakfast","Water","236.59 mL",0.00,0.00,0.00,0.00,,236.59,0.00,0.00,0.00,0.00,0.00,0.00,0.00,0.00,0.00,0.00,0.00,0.00,0.00,0.00,0.00,0.00,0.00,0.00,0.00,0.00,0.00,0.00,0.00,0.00,0.00,,,0.00,0.00,0.00,0.00,0.00,0.00,0.00,0.00,0.00,0.00,,,,0.00,,,0.00,0.00,0.00,0.00,0.00,0.00,0.00,0.00,0.00,0.00,0.00,0.00,"Beverages"
2026-05-10,17:20 ,"Breakfast","Water","236.59 mL",0.00,0.00,0.00,0.00,,236.59,0.00,0.00,0.00,0.00,0.00,0.00,0.00,0.00,0.00,0.00,0.00,0.00,0.00,0.00,0.00,0.00,0.00,0.00,0.00,0.00,0.00,0.00,0.00,0.00,0.00,,,0.00,0.00,0.00,0.00,0.00,0.00,0.00,0.00,0.00,0.00,,,,0.00,,,0.00,0.00,0.00,0.00,0.00,0.00,0.00,0.00,0.00,0.00,0.00,0.00,"Beverages"
2026-05-10,09:09 ,"Breakfast","Tasty Basics, Crackers, Kaas - Peper","1.00 cracker",100.00,,,,,,,,,,,,,,,,,,,,,,,,,,160.00,,4.50,6.60,2.10,,,,0.90,,4.90,,,,1.10,,,,,,,,,,,,,,,,8.30,,,,,"Snacks"
2026-05-10,09:10 ,"Breakfast","De Zaanse Hoeve, Yoghurt, Greek Style, 2% Fat","100.00 g",61.14,,,,,,,,,,,,,,,,,,,,,,,,,,40.00,,4.73,4.73,0.00,,,,4.73,,2.00,,0.40,,1.33,,,,,,,,,,,,,,,,6.00,,,,,"Dairy and Egg Products"
2026-05-10,09:10 ,"Breakfast","Salmon, Smoked","100.00 g",117.00,0.00,0.00,0.12,0.00,72.00,0.02,0.10,4.72,0.87,0.28,3.26,2.00,26.00,0.00,45.60,1.35,0.10,11.00,0.23,0.85,18.00,0.02,164.00,175.00,32.40,672.00,0.31,0.00,0.00,0.00,0.00,0.00,0.00,0.00,0.00,4.32,23.00,2.02,1.00,0.93,0.00,0.52,0.00,0.27,0.18,0.47,0.00,0.47,0.20,0.54,0.84,1.49,1.68,0.54,0.71,18.28,0.80,0.20,0.62,0.94,"Finfish and Shellfish Products"
2026-05-10,12:42 ,"Lunch","Albert Heijn, Witte Bollen","2.00 serving",244.00,,,,,,,,,,,,,,,,,,,,,,,,,,340.00,,47.10,49.40,2.30,,,,4.20,,2.00,,,,0.60,,,,,,,,,,,,,,,,8.30,,,,,"Baked Products"
2026-05-10,12:41 ,"Lunch","Herring, Salted","180.00 g",309.54,0.00,,,,119.70,0.00,0.32,13.14,,0.62,16.67,24.30,46.80,0.00,446.40,0.72,,91.80,0.16,2.52,72.00,,534.60,527.40,82.80,1974.60,1.31,5.04,5.04,0.00,,,5.04,0.00,,18.18,99.72,9.18,3.24,4.50,0.00,2.70,,,,0.36,,,,,,,,,,31.68,,,,,"Finfish and Shellfish Products"
2026-05-10,17:20 ,"Lunch","Water","236.59 mL",0.00,0.00,0.00,0.00,,236.59,0.00,0.00,0.00,0.00,0.00,0.00,0.00,0.00,0.00,0.00,0.00,0.00,0.00,0.00,0.00,0.00,0.00,0.00,0.00,0.00,0.00,0.00,0.00,0.00,0.00,,,0.00,0.00,0.00,0.00,0.00,0.00,0.00,0.00,0.00,0.00,,,,0.00,,,0.00,0.00,0.00,0.00,0.00,0.00,0.00,0.00,0.00,0.00,0.00,0.00,"Beverages"
2026-05-10,17:20 ,"Lunch","Water","236.59 mL",0.00,0.00,0.00,0.00,,236.59,0.00,0.00,0.00,0.00,0.00,0.00,0.00,0.00,0.00,0.00,0.00,0.00,0.00,0.00,0.00,0.00,0.00,0.00,0.00,0.00,0.00,0.00,0.00,0.00,0.00,,,0.00,0.00,0.00,0.00,0.00,0.00,0.00,0.00,0.00,0.00,,,,0.00,,,0.00,0.00,0.00,0.00,0.00,0.00,0.00,0.00,0.00,0.00,0.00,0.00,"Beverages"
2026-05-10,17:20 ,"Lunch","Water","236.59 mL",0.00,0.00,0.00,0.00,,236.59,0.00,0.00,0.00,0.00,0.00,0.00,0.00,0.00,0.00,0.00,0.00,0.00,0.00,0.00,0.00,0.00,0.00,0.00,0.00,0.00,0.00,0.00,0.00,0.00,0.00,,,0.00,0.00,0.00,0.00,0.00,0.00,0.00,0.00,0.00,0.00,,,,0.00,,,0.00,0.00,0.00,0.00,0.00,0.00,0.00,0.00,0.00,0.00,0.00,0.00,"Beverages"
2026-05-10,17:20 ,"Lunch","Water","236.59 mL",0.00,0.00,0.00,0.00,,236.59,0.00,0.00,0.00,0.00,0.00,0.00,0.00,0.00,0.00,0.00,0.00,0.00,0.00,0.00,0.00,0.00,0.00,0.00,0.00,0.00,0.00,0.00,0.00,0.00,0.00,,,0.00,0.00,0.00,0.00,0.00,0.00,0.00,0.00,0.00,0.00,,,,0.00,,,0.00,0.00,0.00,0.00,0.00,0.00,0.00,0.00,0.00,0.00,0.00,0.00,"Beverages"
2026-05-10,17:20 ,"Lunch","Water","236.59 mL",0.00,0.00,0.00,0.00,,236.59,0.00,0.00,0.00,0.00,0.00,0.00,0.00,0.00,0.00,0.00,0.00,0.00,0.00,0.00,0.00,0.00,0.00,0.00,0.00,0.00,0.00,0.00,0.00,0.00,0.00,,,0.00,0.00,0.00,0.00,0.00,0.00,0.00,0.00,0.00,0.00,,,,0.00,,,0.00,0.00,0.00,0.00,0.00,0.00,0.00,0.00,0.00,0.00,0.00,0.00,"Beverages"
2026-05-10,09:10 ,"Dinner","Water","236.59 mL",0.00,0.00,0.00,0.00,,236.59,0.00,0.00,0.00,0.00,0.00,0.00,0.00,0.00,0.00,0.00,0.00,0.00,0.00,0.00,0.00,0.00,0.00,0.00,0.00,0.00,0.00,0.00,0.00,0.00,0.00,,,0.00,0.00,0.00,0.00,0.00,0.00,0.00,0.00,0.00,0.00,,,,0.00,,,0.00,0.00,0.00,0.00,0.00,0.00,0.00,0.00,0.00,0.00,0.00,0.00,"Beverages"
2026-05-10,09:10 ,"Dinner","Water","236.59 mL",0.00,0.00,0.00,0.00,,236.59,0.00,0.00,0.00,0.00,0.00,0.00,0.00,0.00,0.00,0.00,0.00,0.00,0.00,0.00,0.00,0.00,0.00,0.00,0.00,0.00,0.00,0.00,0.00,0.00,0.00,,,0.00,0.00,0.00,0.00,0.00,0.00,0.00,0.00,0.00,0.00,,,,0.00,,,0.00,0.00,0.00,0.00,0.00,0.00,0.00,0.00,0.00,0.00,0.00,0.00,"Beverages"
2026-05-10,17:19 ,"Dinner","Water","236.59 mL",0.00,0.00,0.00,0.00,,236.59,0.00,0.00,0.00,0.00,0.00,0.00,0.00,0.00,0.00,0.00,0.00,0.00,0.00,0.00,0.00,0.00,0.00,0.00,0.00,0.00,0.00,0.00,0.00,0.00,0.00,,,0.00,0.00,0.00,0.00,0.00,0.00,0.00,0.00,0.00,0.00,,,,0.00,,,0.00,0.00,0.00,0.00,0.00,0.00,0.00,0.00,0.00,0.00,0.00,0.00,"Beverages"
2026-05-10,17:20 ,"Dinner","Water","236.59 mL",0.00,0.00,0.00,0.00,,236.59,0.00,0.00,0.00,0.00,0.00,0.00,0.00,0.00,0.00,0.00,0.00,0.00,0.00,0.00,0.00,0.00,0.00,0.00,0.00,0.00,0.00,0.00,0.00,0.00,0.00,,,0.00,0.00,0.00,0.00,0.00,0.00,0.00,0.00,0.00,0.00,,,,0.00,,,0.00,0.00,0.00,0.00,0.00,0.00,0.00,0.00,0.00,0.00,0.00,0.00,"Beverages"
2026-05-10,17:41 ,"Dinner","Holy Napoli, Neapolitan Pizza, Margherita","4.00 x 0.25 pizza",800.00,,,,,,,,,,,,,,,,,,300.00,,8.00,,,,320.00,,1840.00,,116.00,120.00,4.00,,,,4.00,,20.00,40.00,,,4.00,0.00,,,,,,,,,,,,,,,28.00,,,,,"Meals, Entrees, and Sidedishes"
2026-05-10,17:42 ,"Snacks","AH Paprika Chips","1.00 package",209.00,,,,,,,,,,,,,,,,,,,,,,,,,,560.00,,22.00,24.40,2.40,,,,1.30,,12.00,,,,1.00,,,,,,,,,,,,,,,,0.55,,,,,"Snacks"
2026-05-11,14:02 ,"Uncategorized","Water","473.18 mL",0.00,0.00,0.00,0.00,,473.18,0.00,0.00,0.00,0.00,0.00,0.00,0.00,0.00,0.00,0.00,0.00,0.00,0.00,0.00,0.00,0.00,0.00,0.00,0.00,0.00,0.00,0.00,0.00,0.00,0.00,,,0.00,0.00,0.00,0.00,0.00,0.00,0.00,0.00,0.00,0.00,,,,0.00,,,0.00,0.00,0.00,0.00,0.00,0.00,0.00,0.00,0.00,0.00,0.00,0.00,"Beverages"
2026-05-11,12:49 ,"Breakfast","barnhouse, Krunchy Dinkel mit regionalem Dinkel","70.00 g",315.66,,,,,,,,,,,,,,,,,,,,,,,,,,49.00,,46.20,50.40,4.20,,,,9.80,,10.50,,,,2.16,,,,,,,,,,,,,,,,6.78,,,,,"Breakfast Cereals"
2026-05-11,12:48 ,"Breakfast","Tenzing, Natural Energy Drink, Raspberry & Yuzu","1.00 Can",62.70,,105.60,,,,,,,,,,,,15.84,,,,,,,,,,,,132.00,,14.85,14.85,,,,,14.85,,0.00,,,,0.00,,,,,,,,,,,,,,,,0.00,,,,,"Beverages"
2026-05-11,12:48 ,"Breakfast","De Zaanse Hoeve, Yoghurt, Greek Style, 2% Fat","200.00 g",122.29,,,,,,,,,,,,,,,,,,,,,,,,,,80.00,,9.47,9.47,0.00,,,,9.47,,4.00,,0.80,,2.67,,,,,,,,,,,,,,,,12.00,,,,,"Dairy and Egg Products"
2026-05-11,12:49 ,"Lunch","Herring, Pickled","180.00 g",471.60,0.00,0.00,1.44,0.00,99.40,0.06,0.25,5.94,0.15,0.31,7.69,3.60,464.40,0.00,203.40,3.08,0.36,138.60,0.19,2.20,14.40,0.07,160.20,124.20,105.30,1566.00,0.95,17.35,17.35,0.00,0.00,0.00,0.00,13.88,13.88,32.40,23.40,21.50,3.02,4.29,0.00,2.64,0.00,0.98,1.52,0.38,0.00,0.38,0.27,0.75,1.18,2.08,2.35,0.76,1.00,25.54,1.12,0.29,0.86,1.32,"Finfish and Shellfish Products"
2026-05-11,12:49 ,"Lunch","Albert Heijn, Witte Bollen","2.00 serving",244.00,,,,,,,,,,,,,,,,,,,,,,,,,,340.00,,47.10,49.40,2.30,,,,4.20,,2.00,,,,0.60,,,,,,,,,,,,,,,,8.30,,,,,"Baked Products"
2026-05-11,13:14 ,"Dinner","Rose harissa chickpeas with flaked cod","2.00 serving",585.62,0.00,0.00,28.04,158.51,526.68,0.31,0.25,5.97,1.08,1.00,2.28,137.00,40.59,80.27,90.00,2.80,6.85,146.74,0.55,3.45,144.74,2.02,681.23,1627.34,89.21,2035.13,2.49,52.79,68.23,15.15,10.41,1.01,22.23,21.91,0.00,11.01,107.50,1.01,2.11,1.27,0.00,0.56,0.08,0.30,0.16,1.16,0.00,1.15,0.64,1.63,2.55,4.43,4.87,1.47,2.36,58.87,2.39,0.62,1.80,2.79,""
2026-05-11,18:13 ,"Dinner","Garlic Spinach with Toasted Pine Nuts","1.00 serving",118.24,0.00,0.00,1918.84,29.73,184.95,0.17,0.34,1.12,0.18,0.41,0.00,196.49,510.44,63.12,0.00,4.43,807.74,117.70,0.20,2.10,167.72,1.26,100.95,840.44,0.26,179.08,1.02,5.07,8.10,3.00,2.29,0.71,0.70,1.71,0.00,8.65,0.00,4.25,2.61,1.04,0.01,0.40,0.40,0.00,0.00,2.11,0.00,2.10,0.08,0.13,0.29,0.44,0.34,0.11,0.26,5.88,0.23,0.08,0.22,0.32,""
2026-05-11,21:31 ,"Snacks","Boiled Eggs","1.00 medium",68.20,0.00,0.00,0.00,0.00,32.83,0.03,0.23,0.03,0.62,0.05,0.49,19.36,65.71,0.00,38.28,0.45,0.13,22.00,0.01,0.52,4.40,0.01,75.68,55.44,13.55,54.56,0.46,0.49,0.49,0.00,0.00,0.00,0.00,0.49,0.00,4.67,164.12,1.79,0.62,1.44,0.00,0.03,0.01,0.02,0.00,0.58,0.07,0.51,0.13,0.13,0.30,0.47,0.40,0.17,0.29,5.54,0.27,0.07,0.23,0.34,"Dairy and Egg Products"
2026-05-11,17:55 ,"Snacks","AH Paprika Chips","1.00 package",209.00,,,,,,,,,,,,,,,,,,,,,,,,,,560.00,,22.00,24.40,2.40,,,,1.30,,12.00,,,,1.00,,,,,,,,,,,,,,,,0.55,,,,,"Snacks"
2026-05-12,15:08 ,"Uncategorized","AH Paprika Chips","1.00 package",209.00,,,,,,,,,,,,,,,,,,,,,,,,,,560.00,,22.00,24.40,2.40,,,,1.30,,12.00,,,,1.00,,,,,,,,,,,,,,,,0.55,,,,,"Snacks"
2026-05-12,15:08 ,"Uncategorized","Water","236.59 mL",0.00,0.00,0.00,0.00,,236.59,0.00,0.00,0.00,0.00,0.00,0.00,0.00,0.00,0.00,0.00,0.00,0.00,0.00,0.00,0.00,0.00,0.00,0.00,0.00,0.00,0.00,0.00,0.00,0.00,0.00,,,0.00,0.00,0.00,0.00,0.00,0.00,0.00,0.00,0.00,0.00,,,,0.00,,,0.00,0.00,0.00,0.00,0.00,0.00,0.00,0.00,0.00,0.00,0.00,0.00,"Beverages"
2026-05-12,15:08 ,"Uncategorized","Water","236.59 mL",0.00,0.00,0.00,0.00,,236.59,0.00,0.00,0.00,0.00,0.00,0.00,0.00,0.00,0.00,0.00,0.00,0.00,0.00,0.00,0.00,0.00,0.00,0.00,0.00,0.00,0.00,0.00,0.00,0.00,0.00,,,0.00,0.00,0.00,0.00,0.00,0.00,0.00,0.00,0.00,0.00,,,,0.00,,,0.00,0.00,0.00,0.00,0.00,0.00,0.00,0.00,0.00,0.00,0.00,0.00,"Beverages"
2026-05-12,15:08 ,"Uncategorized","Water","236.59 mL",0.00,0.00,0.00,0.00,,236.59,0.00,0.00,0.00,0.00,0.00,0.00,0.00,0.00,0.00,0.00,0.00,0.00,0.00,0.00,0.00,0.00,0.00,0.00,0.00,0.00,0.00,0.00,0.00,0.00,0.00,,,0.00,0.00,0.00,0.00,0.00,0.00,0.00,0.00,0.00,0.00,,,,0.00,,,0.00,0.00,0.00,0.00,0.00,0.00,0.00,0.00,0.00,0.00,0.00,0.00,"Beverages"
2026-05-12,20:49 ,"Uncategorized","Water","236.59 mL",0.00,0.00,0.00,0.00,,236.59,0.00,0.00,0.00,0.00,0.00,0.00,0.00,0.00,0.00,0.00,0.00,0.00,0.00,0.00,0.00,0.00,0.00,0.00,0.00,0.00,0.00,0.00,0.00,0.00,0.00,,,0.00,0.00,0.00,0.00,0.00,0.00,0.00,0.00,0.00,0.00,,,,0.00,,,0.00,0.00,0.00,0.00,0.00,0.00,0.00,0.00,0.00,0.00,0.00,0.00,"Beverages"
2026-05-12,20:49 ,"Uncategorized","Water","236.59 mL",0.00,0.00,0.00,0.00,,236.59,0.00,0.00,0.00,0.00,0.00,0.00,0.00,0.00,0.00,0.00,0.00,0.00,0.00,0.00,0.00,0.00,0.00,0.00,0.00,0.00,0.00,0.00,0.00,0.00,0.00,,,0.00,0.00,0.00,0.00,0.00,0.00,0.00,0.00,0.00,0.00,,,,0.00,,,0.00,0.00,0.00,0.00,0.00,0.00,0.00,0.00,0.00,0.00,0.00,0.00,"Beverages"
2026-05-12,20:49 ,"Uncategorized","Water","236.59 mL",0.00,0.00,0.00,0.00,,236.59,0.00,0.00,0.00,0.00,0.00,0.00,0.00,0.00,0.00,0.00,0.00,0.00,0.00,0.00,0.00,0.00,0.00,0.00,0.00,0.00,0.00,0.00,0.00,0.00,0.00,,,0.00,0.00,0.00,0.00,0.00,0.00,0.00,0.00,0.00,0.00,,,,0.00,,,0.00,0.00,0.00,0.00,0.00,0.00,0.00,0.00,0.00,0.00,0.00,0.00,"Beverages"
2026-05-12,20:49 ,"Uncategorized","Water","236.59 mL",0.00,0.00,0.00,0.00,,236.59,0.00,0.00,0.00,0.00,0.00,0.00,0.00,0.00,0.00,0.00,0.00,0.00,0.00,0.00,0.00,0.00,0.00,0.00,0.00,0.00,0.00,0.00,0.00,0.00,0.00,,,0.00,0.00,0.00,0.00,0.00,0.00,0.00,0.00,0.00,0.00,,,,0.00,,,0.00,0.00,0.00,0.00,0.00,0.00,0.00,0.00,0.00,0.00,0.00,0.00,"Beverages"
2026-05-12,08:50 ,"Breakfast","Tenzing, Natural Energy Drink, Raspberry & Yuzu","1.00 Can",62.70,,105.60,,,,,,,,,,,,15.84,,,,,,,,,,,,132.00,,14.85,14.85,,,,,14.85,,0.00,,,,0.00,,,,,,,,,,,,,,,,0.00,,,,,"Beverages"
2026-05-12,08:49 ,"Breakfast","barnhouse, Krunchy Dinkel mit regionalem Dinkel","30.00 g",135.28,,,,,,,,,,,,,,,,,,,,,,,,,,21.00,,19.80,21.60,1.80,,,,4.20,,4.50,,,,0.93,,,,,,,,,,,,,,,,2.91,,,,,"Breakfast Cereals"
2026-05-12,08:49 ,"Breakfast","De Zaanse Hoeve, Yoghurt, Greek Style, 2% Fat","200.00 g",122.29,,,,,,,,,,,,,,,,,,,,,,,,,,80.00,,9.47,9.47,0.00,,,,9.47,,4.00,,0.80,,2.67,,,,,,,,,,,,,,,,12.00,,,,,"Dairy and Egg Products"
2026-05-12,08:49 ,"Breakfast","Boiled Eggs","2.00 medium",136.40,0.00,0.00,0.00,0.00,65.67,0.06,0.45,0.06,1.23,0.11,0.98,38.72,131.41,0.00,76.56,0.91,0.26,44.00,0.01,1.05,8.80,0.02,151.36,110.88,27.10,109.12,0.92,0.98,0.99,0.00,0.00,0.00,0.00,0.99,0.00,9.34,328.24,3.59,1.24,2.87,0.00,0.06,0.02,0.03,0.00,1.16,0.13,1.02,0.26,0.26,0.60,0.95,0.80,0.34,0.59,11.07,0.53,0.13,0.45,0.67,"Dairy and Egg Products"
2026-05-12,08:49 ,"Breakfast","Asda, Pomegranate Seeds","20.00 g",20.21,,,,,,,,,,,,,,,,,,,,,,,,,,0.40,,3.80,4.60,0.80,,,,2.80,,0.24,,,,0.01,,,,,,,,,,,,,,,,0.34,,,,,"Nut and Seed Products"
2026-05-12,12:54 ,"Lunch","Olav's, Norwegian Smoked Salmon","100.00 g",182.72,,,,,,,,,,,,,,,,,,,,,,,,,,1192.00,,0.00,0.00,,,,,0.00,,11.00,,,,1.50,4.50,,,,,,,,,,,,,,,21.00,,,,,"Finfish and Shellfish Products"
2026-05-12,12:53 ,"Lunch","Tasty Basics, Crackers, Kaas - Peper","2.00 cracker",200.00,,,,,,,,,,,,,,,,,,,,,,,,,,320.00,,9.00,13.20,4.20,,,,1.80,,9.80,,,,2.20,,,,,,,,,,,,,,,,16.60,,,,,"Snacks"
2026-05-12,12:54 ,"Lunch","Edamame Beans","100.00 g",121.00,0.00,0.00,27.00,258.40,72.77,0.20,0.16,0.92,0.40,0.10,0.00,311.00,14.92,6.10,0.00,0.68,26.70,63.00,0.35,2.27,64.00,1.02,169.00,436.00,0.80,6.00,1.37,3.58,8.91,5.20,2.86,2.34,1.51,2.18,0.00,5.20,0.00,1.28,2.16,0.62,0.01,0.36,0.36,0.00,0.00,1.79,0.00,1.79,0.12,0.27,0.30,0.75,0.75,0.14,0.49,11.91,0.33,0.13,0.34,0.32,"Vegetables and Vegetable Products"
2026-05-12,12:55 ,"Dinner","Pasta al Forno with Tuna, Ricotta and Tomato","1.50 serving",1267.97,0.00,0.00,26.51,22.49,298.24,2.59,1.27,14.99,1.61,0.61,1.32,780.31,294.89,22.78,16.59,4.77,23.18,854.32,0.76,8.36,157.38,2.00,945.44,1059.03,155.24,1105.49,6.76,152.26,162.28,9.95,2.81,0.97,118.12,11.90,0.00,45.53,75.19,21.08,4.31,16.21,0.76,0.35,0.34,0.00,0.00,3.52,0.00,2.51,0.67,1.44,2.42,4.52,2.80,0.96,2.64,53.71,2.14,0.82,1.90,2.83,""
2026-05-13,20:23 ,"Uncategorized","Water","236.59 mL",0.00,0.00,0.00,0.00,,236.59,0.00,0.00,0.00,0.00,0.00,0.00,0.00,0.00,0.00,0.00,0.00,0.00,0.00,0.00,0.00,0.00,0.00,0.00,0.00,0.00,0.00,0.00,0.00,0.00,0.00,,,0.00,0.00,0.00,0.00,0.00,0.00,0.00,0.00,0.00,0.00,,,,0.00,,,0.00,0.00,0.00,0.00,0.00,0.00,0.00,0.00,0.00,0.00,0.00,0.00,"Beverages"
2026-05-13,20:23 ,"Uncategorized","Water","236.59 mL",0.00,0.00,0.00,0.00,,236.59,0.00,0.00,0.00,0.00,0.00,0.00,0.00,0.00,0.00,0.00,0.00,0.00,0.00,0.00,0.00,0.00,0.00,0.00,0.00,0.00,0.00,0.00,0.00,0.00,0.00,,,0.00,0.00,0.00,0.00,0.00,0.00,0.00,0.00,0.00,0.00,,,,0.00,,,0.00,0.00,0.00,0.00,0.00,0.00,0.00,0.00,0.00,0.00,0.00,0.00,"Beverages"
2026-05-13,20:23 ,"Uncategorized","Water","236.59 mL",0.00,0.00,0.00,0.00,,236.59,0.00,0.00,0.00,0.00,0.00,0.00,0.00,0.00,0.00,0.00,0.00,0.00,0.00,0.00,0.00,0.00,0.00,0.00,0.00,0.00,0.00,0.00,0.00,0.00,0.00,,,0.00,0.00,0.00,0.00,0.00,0.00,0.00,0.00,0.00,0.00,,,,0.00,,,0.00,0.00,0.00,0.00,0.00,0.00,0.00,0.00,0.00,0.00,0.00,0.00,"Beverages"
2026-05-13,20:23 ,"Uncategorized","Water","236.59 mL",0.00,0.00,0.00,0.00,,236.59,0.00,0.00,0.00,0.00,0.00,0.00,0.00,0.00,0.00,0.00,0.00,0.00,0.00,0.00,0.00,0.00,0.00,0.00,0.00,0.00,0.00,0.00,0.00,0.00,0.00,,,0.00,0.00,0.00,0.00,0.00,0.00,0.00,0.00,0.00,0.00,,,,0.00,,,0.00,0.00,0.00,0.00,0.00,0.00,0.00,0.00,0.00,0.00,0.00,0.00,"Beverages"
2026-05-13,20:23 ,"Uncategorized","Water","236.59 mL",0.00,0.00,0.00,0.00,,236.59,0.00,0.00,0.00,0.00,0.00,0.00,0.00,0.00,0.00,0.00,0.00,0.00,0.00,0.00,0.00,0.00,0.00,0.00,0.00,0.00,0.00,0.00,0.00,0.00,0.00,,,0.00,0.00,0.00,0.00,0.00,0.00,0.00,0.00,0.00,0.00,,,,0.00,,,0.00,0.00,0.00,0.00,0.00,0.00,0.00,0.00,0.00,0.00,0.00,0.00,"Beverages"
2026-05-13,20:23 ,"Uncategorized","Water","473.18 mL",0.00,0.00,0.00,0.00,,473.18,0.00,0.00,0.00,0.00,0.00,0.00,0.00,0.00,0.00,0.00,0.00,0.00,0.00,0.00,0.00,0.00,0.00,0.00,0.00,0.00,0.00,0.00,0.00,0.00,0.00,,,0.00,0.00,0.00,0.00,0.00,0.00,0.00,0.00,0.00,0.00,,,,0.00,,,0.00,0.00,0.00,0.00,0.00,0.00,0.00,0.00,0.00,0.00,0.00,0.00,"Beverages"
2026-05-13,09:16 ,"Breakfast","barnhouse, Krunchy Dinkel mit regionalem Dinkel","50.00 g",225.47,,,,,,,,,,,,,,,,,,,,,,,,,,35.00,,33.00,36.00,3.00,,,,7.00,,7.50,,,,1.55,,,,,,,,,,,,,,,,4.85,,,,,"Breakfast Cereals"
2026-05-13,09:16 ,"Breakfast","De Zaanse Hoeve, Yoghurt, Greek Style, 2% Fat","200.00 g",122.29,,,,,,,,,,,,,,,,,,,,,,,,,,80.00,,9.47,9.47,0.00,,,,9.47,,4.00,,0.80,,2.67,,,,,,,,,,,,,,,,12.00,,,,,"Dairy and Egg Products"
2026-05-13,09:16 ,"Breakfast","Asda, Pomegranate Seeds","20.00 g",20.21,,,,,,,,,,,,,,,,,,,,,,,,,,0.40,,3.80,4.60,0.80,,,,2.80,,0.24,,,,0.01,,,,,,,,,,,,,,,,0.34,,,,,"Nut and Seed Products"
2026-05-13,09:16 ,"Breakfast","Honey","1.00 tbsp",63.84,,,,,3.59,,0.01,0.03,0.01,0.01,,0.42,,0.11,,,,1.26,0.01,0.09,0.42,0.02,0.84,10.92,0.17,0.84,0.05,17.26,17.30,0.04,,,0.02,17.25,17.25,,,,,,,,,,,,,,0.00,0.00,0.00,0.00,0.00,0.00,0.00,0.06,0.00,0.00,0.00,0.00,"Sweets"
2026-05-13,09:16 ,"Breakfast","Tenzing, Natural Energy Drink, Raspberry & Yuzu","1.00 Can",62.70,,105.60,,,,,,,,,,,,15.84,,,,,,,,,,,,132.00,,14.85,14.85,,,,,14.85,,0.00,,,,0.00,,,,,,,,,,,,,,,,0.00,,,,,"Beverages"
2026-05-13,14:15 ,"Lunch","Tesco, Sliced Chicken","40.00 g",46.00,,,,,,,,,,,,,,,,,,,,,,,,,,160.00,,0.13,0.27,0.13,,,,0.03,,0.53,,,,0.20,,,,,,,,,,,,,,,,9.93,,,,,"Poultry Products"
2026-05-13,14:15 ,"Lunch","Chicken Sausage","80.00 g",152.99,0.00,0.00,0.55,6.05,53.52,0.03,0.09,2.96,0.45,0.12,0.12,3.94,46.24,0.00,2.37,0.14,2.16,12.64,0.04,1.03,9.76,0.03,71.61,96.75,9.94,685.45,1.01,3.42,3.46,0.02,0.01,0.01,0.01,2.19,2.13,10.01,39.41,4.00,2.20,2.79,0.21,0.13,0.08,0.03,0.01,2.01,0.08,1.93,0.16,0.33,0.56,0.83,0.92,0.30,0.45,11.66,0.48,0.13,0.37,0.56,"Sausages and Luncheon Meats"
2026-05-13,14:15 ,"Lunch","Pesto Sauce, Homemade","2.00 tbsp",171.67,0.00,0.00,13.65,6.94,9.42,0.03,0.03,0.15,0.06,0.03,0.10,6.57,38.16,1.53,1.43,2.33,41.18,74.05,0.05,0.43,11.11,0.18,49.27,49.17,2.55,124.90,0.43,1.44,1.76,0.32,0.23,0.09,0.31,0.16,0.00,17.61,5.86,11.59,2.07,3.23,0.08,0.15,0.15,0.00,0.00,1.89,0.00,1.89,0.01,0.07,0.12,0.23,0.17,0.06,0.13,2.43,0.09,0.03,0.13,0.15,"Soups, Sauces, and Gravies"
2026-05-13,14:14 ,"Lunch","Bread Roll, Soft, White","1.00 medium - 2 1/2"" diameter",118.78,0.00,0.00,11.85,144.03,15.25,0.22,0.09,1.58,0.17,0.04,0.00,41.49,0.04,0.00,0.00,0.35,4.44,75.68,0.07,1.53,17.06,0.42,51.36,49.45,5.89,225.25,0.42,18.60,20.05,1.45,0.97,0.48,15.37,2.79,2.72,2.80,0.00,0.57,1.53,0.42,0.01,0.16,0.16,0.00,0.00,1.36,0.00,1.36,0.08,0.09,0.13,0.26,0.10,0.07,0.19,3.94,0.11,0.05,0.10,0.16,"Baked Products"
2026-05-13,09:29 ,"Dinner","Egg Fried Rice","1.50 serving",728.58,0.00,0.00,33.09,329.88,303.02,0.53,0.90,3.69,2.88,0.49,1.47,427.71,222.34,10.40,114.84,4.47,82.26,171.51,0.48,6.23,113.39,2.01,500.84,808.58,52.65,1488.53,3.72,47.07,53.54,6.25,3.88,2.37,35.74,4.41,0.00,42.32,492.36,20.86,8.88,8.23,0.03,0.60,0.54,0.05,0.01,8.21,0.20,8.00,0.62,0.79,1.45,2.60,2.15,0.77,1.65,34.21,1.33,0.39,1.19,1.66,""
2026-05-13,18:19 ,"Snacks","Coke Zero","1.00 small bottle - each 16.9 fl oz",0.00,0.00,60.03,1.20,0.00,499.24,0.00,0.00,0.00,0.00,0.00,0.00,0.00,0.00,0.00,0.00,0.00,0.00,20.01,0.13,0.20,5.00,0.09,0.00,10.00,0.00,30.01,0.00,0.00,0.00,0.00,0.00,0.00,0.00,0.00,0.00,0.00,0.00,0.00,0.00,0.00,0.00,0.00,0.00,0.00,0.00,0.00,0.00,0.00,0.00,0.00,0.00,0.00,0.00,0.00,0.00,0.50,0.00,0.00,0.00,0.00,"Beverages"
2026-05-13,18:19 ,"Snacks","Coke Zero","1.00 small can - each 8 fl oz",0.00,0.00,28.42,0.57,0.00,236.33,0.00,0.00,0.00,0.00,0.00,0.00,0.00,0.00,0.00,0.00,0.00,0.00,9.47,0.06,0.09,2.37,0.04,0.00,4.74,0.00,14.21,0.00,0.00,0.00,0.00,0.00,0.00,0.00,0.00,0.00,0.00,0.00,0.00,0.00,0.00,0.00,0.00,0.00,0.00,0.00,0.00,0.00,0.00,0.00,0.00,0.00,0.00,0.00,0.00,0.00,0.24,0.00,0.00,0.00,0.00,"Beverages"
2026-05-13,15:07 ,"Snacks","Boiled Eggs","1.00 medium",68.20,0.00,0.00,0.00,0.00,32.83,0.03,0.23,0.03,0.62,0.05,0.49,19.36,65.71,0.00,38.28,0.45,0.13,22.00,0.01,0.52,4.40,0.01,75.68,55.44,13.55,54.56,0.46,0.49,0.49,0.00,0.00,0.00,0.00,0.49,0.00,4.67,164.12,1.79,0.62,1.44,0.00,0.03,0.01,0.02,0.00,0.58,0.07,0.51,0.13,0.13,0.30,0.47,0.40,0.17,0.29,5.54,0.27,0.07,0.23,0.34,"Dairy and Egg Products"
2026-05-13,20:24 ,"Snacks","Bulleit, Bourbon Whiskey","8.00 x 1.5 fl oz (44 ml)",880.00,126.72,,,,228.16,,,,,,,,,,,,,,,,,,,,,,,0.00,0.00,,,,,,,0.00,,,,,,,,,,,,,,,,,,,,0.00,,,,,"Beverages"
2026-05-13,22:53 ,"Snacks","VandeStreek, Non Alcoholic IPA, Playground","330.00 ml",52.80,0.66,,,,317.79,,,,,,,,,,,,,,,,,,,,,0.00,,10.23,10.23,,,,,8.25,,0.50,,,,0.00,,,,,,,,,,,,,,,,0.83,,,,,"Beverages"
2026-05-14,12:23 ,"Uncategorized","Water","236.59 mL",0.00,0.00,0.00,0.00,,236.59,0.00,0.00,0.00,0.00,0.00,0.00,0.00,0.00,0.00,0.00,0.00,0.00,0.00,0.00,0.00,0.00,0.00,0.00,0.00,0.00,0.00,0.00,0.00,0.00,0.00,,,0.00,0.00,0.00,0.00,0.00,0.00,0.00,0.00,0.00,0.00,,,,0.00,,,0.00,0.00,0.00,0.00,0.00,0.00,0.00,0.00,0.00,0.00,0.00,0.00,"Beverages"
2026-05-14,12:23 ,"Uncategorized","Water","236.59 mL",0.00,0.00,0.00,0.00,,236.59,0.00,0.00,0.00,0.00,0.00,0.00,0.00,0.00,0.00,0.00,0.00,0.00,0.00,0.00,0.00,0.00,0.00,0.00,0.00,0.00,0.00,0.00,0.00,0.00,0.00,,,0.00,0.00,0.00,0.00,0.00,0.00,0.00,0.00,0.00,0.00,,,,0.00,,,0.00,0.00,0.00,0.00,0.00,0.00,0.00,0.00,0.00,0.00,0.00,0.00,"Beverages"
2026-05-14,12:23 ,"Uncategorized","Water","236.59 mL",0.00,0.00,0.00,0.00,,236.59,0.00,0.00,0.00,0.00,0.00,0.00,0.00,0.00,0.00,0.00,0.00,0.00,0.00,0.00,0.00,0.00,0.00,0.00,0.00,0.00,0.00,0.00,0.00,0.00,0.00,,,0.00,0.00,0.00,0.00,0.00,0.00,0.00,0.00,0.00,0.00,,,,0.00,,,0.00,0.00,0.00,0.00,0.00,0.00,0.00,0.00,0.00,0.00,0.00,0.00,"Beverages"
2026-05-14,12:23 ,"Uncategorized","Water","236.59 mL",0.00,0.00,0.00,0.00,,236.59,0.00,0.00,0.00,0.00,0.00,0.00,0.00,0.00,0.00,0.00,0.00,0.00,0.00,0.00,0.00,0.00,0.00,0.00,0.00,0.00,0.00,0.00,0.00,0.00,0.00,,,0.00,0.00,0.00,0.00,0.00,0.00,0.00,0.00,0.00,0.00,,,,0.00,,,0.00,0.00,0.00,0.00,0.00,0.00,0.00,0.00,0.00,0.00,0.00,0.00,"Beverages"
2026-05-14,14:45 ,"Uncategorized","McDonald's, Quarter Pounder","1.00 each",430.04,0.00,0.00,18.17,57.17,90.99,0.44,0.37,6.01,0.63,0.33,2.27,94.18,24.26,2.21,9.98,0.76,6.69,117.25,0.16,4.11,39.45,0.41,214.50,370.20,36.18,729.56,4.82,36.53,38.37,1.79,1.33,0.46,23.94,8.60,7.60,19.24,59.30,7.69,1.81,7.18,0.76,0.27,0.27,0.00,0.00,1.36,0.02,1.34,0.33,0.75,1.04,1.83,1.66,0.56,0.99,24.67,0.96,0.27,0.78,1.14,"Fast Foods"
2026-05-14,18:54 ,"Uncategorized","Water","236.59 mL",0.00,0.00,0.00,0.00,,236.59,0.00,0.00,0.00,0.00,0.00,0.00,0.00,0.00,0.00,0.00,0.00,0.00,0.00,0.00,0.00,0.00,0.00,0.00,0.00,0.00,0.00,0.00,0.00,0.00,0.00,,,0.00,0.00,0.00,0.00,0.00,0.00,0.00,0.00,0.00,0.00,,,,0.00,,,0.00,0.00,0.00,0.00,0.00,0.00,0.00,0.00,0.00,0.00,0.00,0.00,"Beverages"
2026-05-14,18:54 ,"Uncategorized","Water","236.59 mL",0.00,0.00,0.00,0.00,,236.59,0.00,0.00,0.00,0.00,0.00,0.00,0.00,0.00,0.00,0.00,0.00,0.00,0.00,0.00,0.00,0.00,0.00,0.00,0.00,0.00,0.00,0.00,0.00,0.00,0.00,,,0.00,0.00,0.00,0.00,0.00,0.00,0.00,0.00,0.00,0.00,,,,0.00,,,0.00,0.00,0.00,0.00,0.00,0.00,0.00,0.00,0.00,0.00,0.00,0.00,"Beverages"
2026-05-14,09:27 ,"Breakfast","Asda, Pomegranate Seeds","20.00 g",20.21,,,,,,,,,,,,,,,,,,,,,,,,,,0.40,,3.80,4.60,0.80,,,,2.80,,0.24,,,,0.01,,,,,,,,,,,,,,,,0.34,,,,,"Nut and Seed Products"
2026-05-14,09:27 ,"Breakfast","Tenzing, Natural Energy Drink, Raspberry & Yuzu","1.00 Can",62.70,,105.60,,,,,,,,,,,,15.84,,,,,,,,,,,,132.00,,14.85,14.85,,,,,14.85,,0.00,,,,0.00,,,,,,,,,,,,,,,,0.00,,,,,"Beverages"
2026-05-14,09:27 ,"Breakfast","barnhouse, Krunchy Dinkel mit regionalem Dinkel","50.00 g",225.47,,,,,,,,,,,,,,,,,,,,,,,,,,35.00,,33.00,36.00,3.00,,,,7.00,,7.50,,,,1.55,,,,,,,,,,,,,,,,4.85,,,,,"Breakfast Cereals"
2026-05-14,09:27 ,"Breakfast","Honey","1.00 tbsp",63.84,,,,,3.59,,0.01,0.03,0.01,0.01,,0.42,,0.11,,,,1.26,0.01,0.09,0.42,0.02,0.84,10.92,0.17,0.84,0.05,17.26,17.30,0.04,,,0.02,17.25,17.25,,,,,,,,,,,,,,0.00,0.00,0.00,0.00,0.00,0.00,0.00,0.06,0.00,0.00,0.00,0.00,"Sweets"
2026-05-14,09:27 ,"Breakfast","De Zaanse Hoeve, Yoghurt, Greek Style, 2% Fat","250.00 g",152.86,,,,,,,,,,,,,,,,,,,,,,,,,,100.00,,11.83,11.83,0.00,,,,11.83,,5.00,,1.00,,3.33,,,,,,,,,,,,,,,,15.00,,,,,"Dairy and Egg Products"
2026-05-14,09:27 ,"Breakfast","Boiled Eggs","2.00 medium",136.40,0.00,0.00,0.00,0.00,65.67,0.06,0.45,0.06,1.23,0.11,0.98,38.72,131.41,0.00,76.56,0.91,0.26,44.00,0.01,1.05,8.80,0.02,151.36,110.88,27.10,109.12,0.92,0.98,0.99,0.00,0.00,0.00,0.00,0.99,0.00,9.34,328.24,3.59,1.24,2.87,0.00,0.06,0.02,0.03,0.00,1.16,0.13,1.02,0.26,0.26,0.60,0.95,0.80,0.34,0.59,11.07,0.53,0.13,0.45,0.67,"Dairy and Egg Products"
2026-05-14,12:22 ,"Lunch","Olav's, Norwegian Smoked Salmon","200.00 g",365.43,,,,,,,,,,,,,,,,,,,,,,,,,,2384.00,,0.00,0.00,,,,,0.00,,22.00,,,,3.00,9.00,,,,,,,,,,,,,,,42.00,,,,,"Finfish and Shellfish Products"
2026-05-14,12:22 ,"Lunch","Tasty Basics, Crackers, Kaas - Peper","2.00 cracker",200.00,,,,,,,,,,,,,,,,,,,,,,,,,,320.00,,9.00,13.20,4.20,,,,1.80,,9.80,,,,2.20,,,,,,,,,,,,,,,,16.60,,,,,"Snacks"
2026-05-14,12:23 ,"Lunch","Egg Fried Rice","0.50 serving",242.86,0.00,0.00,11.03,109.96,101.01,0.18,0.30,1.23,0.96,0.16,0.49,142.57,74.11,3.47,38.28,1.49,27.42,57.17,0.16,2.08,37.80,0.67,166.95,269.53,17.55,496.18,1.24,15.69,17.85,2.08,1.29,0.79,11.91,1.47,0.00,14.11,164.12,6.95,2.96,2.74,0.01,0.20,0.18,0.02,0.00,2.74,0.07,2.67,0.21,0.26,0.48,0.87,0.72,0.26,0.55,11.40,0.44,0.13,0.40,0.55,""
2026-05-14,22:20 ,"Dinner","White Rice, Cooked in Unsalted Water","1.00 cup",205.41,0.00,0.00,3.79,70.82,108.14,0.26,0.02,2.33,0.62,0.15,0.00,67.63,0.00,0.00,0.00,0.06,0.00,15.80,0.11,1.90,18.96,0.75,67.94,55.30,11.85,1.58,0.77,43.95,44.51,0.54,0.54,0.00,36.34,0.05,0.00,0.44,0.00,0.14,0.12,0.12,0.00,0.02,0.02,0.00,0.00,0.10,0.00,0.10,0.09,0.10,0.18,0.35,0.15,0.10,0.23,4.25,0.15,0.05,0.14,0.26,"Cereal Grains and Pasta"
2026-05-14,22:21 ,"Dinner","Coke Zero","2.00 can - each 12 fl oz",0.00,0.00,85.25,1.70,0.00,708.98,0.00,0.00,0.00,0.00,0.00,0.00,0.00,0.00,0.00,0.00,0.00,0.00,28.42,0.18,0.28,7.10,0.12,0.00,14.21,0.00,42.62,0.00,0.00,0.00,0.00,0.00,0.00,0.00,0.00,0.00,0.00,0.00,0.00,0.00,0.00,0.00,0.00,0.00,0.00,0.00,0.00,0.00,0.00,0.00,0.00,0.00,0.00,0.00,0.00,0.00,0.71,0.00,0.00,0.00,0.00,"Beverages"
2026-05-14,22:20 ,"Dinner","Pattu, Paneer Butter Masala","150.00 g",337.50,,,,,,,,,,,,,,,,,,,,,,,,,,432.00,,5.70,5.70,,,,,5.42,,29.10,,,,17.84,,,,,,,,,,,,,,,,13.20,,,,,"Ethnic Foods"
2026-05-14,17:49 ,"Snacks","Olly, The Perfect Men's Multi","0.50 x 2.0 gummies",10.00,,,,,,0.19,0.22,5.00,5.00,2.50,7.50,200.00,750.00,37.50,250.00,10.07,,,,,,,,,26.50,,2.50,2.00,2.00,,,,,1.50,,,,,,,,,,,,,,,,,,,,,,,,,,,"Supplements"
2026-05-15,13:30 ,"Uncategorized","Water","236.59 mL",0.00,0.00,0.00,0.00,,236.59,0.00,0.00,0.00,0.00,0.00,0.00,0.00,0.00,0.00,0.00,0.00,0.00,0.00,0.00,0.00,0.00,0.00,0.00,0.00,0.00,0.00,0.00,0.00,0.00,0.00,,,0.00,0.00,0.00,0.00,0.00,0.00,0.00,0.00,0.00,0.00,,,,0.00,,,0.00,0.00,0.00,0.00,0.00,0.00,0.00,0.00,0.00,0.00,0.00,0.00,"Beverages"
2026-05-15,13:30 ,"Uncategorized","Water","236.59 mL",0.00,0.00,0.00,0.00,,236.59,0.00,0.00,0.00,0.00,0.00,0.00,0.00,0.00,0.00,0.00,0.00,0.00,0.00,0.00,0.00,0.00,0.00,0.00,0.00,0.00,0.00,0.00,0.00,0.00,0.00,,,0.00,0.00,0.00,0.00,0.00,0.00,0.00,0.00,0.00,0.00,,,,0.00,,,0.00,0.00,0.00,0.00,0.00,0.00,0.00,0.00,0.00,0.00,0.00,0.00,"Beverages"
2026-05-15,13:30 ,"Uncategorized","Water","236.59 mL",0.00,0.00,0.00,0.00,,236.59,0.00,0.00,0.00,0.00,0.00,0.00,0.00,0.00,0.00,0.00,0.00,0.00,0.00,0.00,0.00,0.00,0.00,0.00,0.00,0.00,0.00,0.00,0.00,0.00,0.00,,,0.00,0.00,0.00,0.00,0.00,0.00,0.00,0.00,0.00,0.00,,,,0.00,,,0.00,0.00,0.00,0.00,0.00,0.00,0.00,0.00,0.00,0.00,0.00,0.00,"Beverages"
2026-05-15,13:30 ,"Uncategorized","Water","236.59 mL",0.00,0.00,0.00,0.00,,236.59,0.00,0.00,0.00,0.00,0.00,0.00,0.00,0.00,0.00,0.00,0.00,0.00,0.00,0.00,0.00,0.00,0.00,0.00,0.00,0.00,0.00,0.00,0.00,0.00,0.00,,,0.00,0.00,0.00,0.00,0.00,0.00,0.00,0.00,0.00,0.00,,,,0.00,,,0.00,0.00,0.00,0.00,0.00,0.00,0.00,0.00,0.00,0.00,0.00,0.00,"Beverages"
2026-05-15,16:34 ,"Uncategorized","AH Paprika Chips","1.00 package",209.00,,,,,,,,,,,,,,,,,,,,,,,,,,560.00,,22.00,24.40,2.40,,,,1.30,,12.00,,,,1.00,,,,,,,,,,,,,,,,0.55,,,,,"Snacks"
2026-05-15,11:36 ,"Breakfast","Asda, Pomegranate Seeds","20.00 g",20.21,,,,,,,,,,,,,,,,,,,,,,,,,,0.40,,3.80,4.60,0.80,,,,2.80,,0.24,,,,0.01,,,,,,,,,,,,,,,,0.34,,,,,"Nut and Seed Products"
2026-05-15,11:37 ,"Breakfast","Tenzing, Natural Energy Drink, Raspberry & Yuzu","1.00 Can",62.70,,105.60,,,,,,,,,,,,15.84,,,,,,,,,,,,132.00,,14.85,14.85,,,,,14.85,,0.00,,,,0.00,,,,,,,,,,,,,,,,0.00,,,,,"Beverages"
2026-05-15,11:36 ,"Breakfast","De Zaanse Hoeve, Yoghurt, Greek Style, 2% Fat","200.00 g",122.29,,,,,,,,,,,,,,,,,,,,,,,,,,80.00,,9.47,9.47,0.00,,,,9.47,,4.00,,0.80,,2.67,,,,,,,,,,,,,,,,12.00,,,,,"Dairy and Egg Products"
2026-05-15,11:36 ,"Breakfast","barnhouse, Krunchy Dinkel mit regionalem Dinkel","40.00 g",180.38,,,,,,,,,,,,,,,,,,,,,,,,,,28.00,,26.40,28.80,2.40,,,,5.60,,6.00,,,,1.24,,,,,,,,,,,,,,,,3.88,,,,,"Breakfast Cereals"
2026-05-15,11:36 ,"Breakfast","Honey","1.00 tbsp",63.84,,,,,3.59,,0.01,0.03,0.01,0.01,,0.42,,0.11,,,,1.26,0.01,0.09,0.42,0.02,0.84,10.92,0.17,0.84,0.05,17.26,17.30,0.04,,,0.02,17.25,17.25,,,,,,,,,,,,,,0.00,0.00,0.00,0.00,0.00,0.00,0.00,0.06,0.00,0.00,0.00,0.00,"Sweets"
2026-05-15,11:36 ,"Breakfast","Boiled Eggs","2.00 medium",136.40,0.00,0.00,0.00,0.00,65.67,0.06,0.45,0.06,1.23,0.11,0.98,38.72,131.41,0.00,76.56,0.91,0.26,44.00,0.01,1.05,8.80,0.02,151.36,110.88,27.10,109.12,0.92,0.98,0.99,0.00,0.00,0.00,0.00,0.99,0.00,9.34,328.24,3.59,1.24,2.87,0.00,0.06,0.02,0.03,0.00,1.16,0.13,1.02,0.26,0.26,0.60,0.95,0.80,0.34,0.59,11.07,0.53,0.13,0.45,0.67,"Dairy and Egg Products"
2026-05-15,13:35 ,"Lunch","Edamame Beans","180.00 g",217.80,0.00,0.00,48.60,465.12,130.99,0.36,0.28,1.65,0.71,0.18,0.00,559.80,26.85,10.98,0.00,1.22,48.06,113.40,0.62,4.09,115.20,1.84,304.20,784.80,1.44,10.80,2.47,6.45,16.04,9.36,5.15,4.21,2.72,3.92,0.00,9.36,0.00,2.31,3.88,1.12,0.02,0.65,0.64,0.00,0.01,3.22,0.00,3.22,0.22,0.48,0.54,1.34,1.34,0.25,0.88,21.44,0.60,0.23,0.60,0.58,"Vegetables and Vegetable Products"
2026-05-15,13:35 ,"Lunch","Laoganma, Spicy Chilli Crisp","5.00 g",35.00,,,,,,,,,,,,,0.00,0.00,,,,0.00,,0.00,,,,,,45.83,,0.17,0.58,0.42,,,,0.17,,3.42,0.00,,,0.33,0.00,,,,,,,,,,,,,,,0.33,,,,,"Fats and Oils"
2026-05-15,13:30 ,"Lunch","RIO mare, Tuna in Olive Oil","1.00 per 100 g product",254.00,,,,,,,,,,,,,,,,,,,,,,,,,,0.00,,0.00,0.00,0.00,,,,0.00,,27.00,,,,4.00,,,,,,,,,,,,,,,,23.00,,,,,"Finfish and Shellfish Products"
2026-05-15,12:04 ,"Dinner","Spicy Butter Bean Stew","1.50 serving",691.47,0.00,0.00,32.22,469.20,402.21,0.58,0.29,1.91,1.82,1.03,0.00,297.16,81.77,22.78,0.00,11.95,15.73,205.40,0.83,12.31,161.57,2.76,406.36,1886.61,20.83,635.67,3.62,63.75,90.94,26.64,19.36,4.48,43.61,17.97,0.00,28.38,0.00,5.39,17.96,3.31,0.12,0.28,0.28,0.00,0.00,17.60,0.00,17.59,0.26,0.71,1.22,1.99,1.59,0.29,1.35,25.99,1.02,0.30,0.82,1.40,""
2026-05-15,19:34 ,"Snacks","Riesling","550.00 g",451.00,56.65,0.00,1.10,0.00,477.73,0.03,0.08,0.59,0.25,0.28,0.00,5.50,0.00,0.00,0.00,0.00,2.20,49.50,0.02,1.49,55.00,0.64,99.00,390.50,0.55,27.50,0.66,13.99,14.30,0.00,0.00,0.00,0.00,5.28,0.00,0.00,0.00,0.00,0.00,0.00,0.00,0.00,0.00,0.00,0.00,0.00,0.00,0.00,0.00,0.00,0.00,0.00,0.00,0.00,0.00,0.39,0.00,0.00,0.00,0.00,"Beverages"
2026-05-16,11:58 ,"Uncategorized","Water","236.59 mL",0.00,0.00,0.00,0.00,,236.59,0.00,0.00,0.00,0.00,0.00,0.00,0.00,0.00,0.00,0.00,0.00,0.00,0.00,0.00,0.00,0.00,0.00,0.00,0.00,0.00,0.00,0.00,0.00,0.00,0.00,,,0.00,0.00,0.00,0.00,0.00,0.00,0.00,0.00,0.00,0.00,,,,0.00,,,0.00,0.00,0.00,0.00,0.00,0.00,0.00,0.00,0.00,0.00,0.00,0.00,"Beverages"
2026-05-16,11:58 ,"Uncategorized","Water","236.59 mL",0.00,0.00,0.00,0.00,,236.59,0.00,0.00,0.00,0.00,0.00,0.00,0.00,0.00,0.00,0.00,0.00,0.00,0.00,0.00,0.00,0.00,0.00,0.00,0.00,0.00,0.00,0.00,0.00,0.00,0.00,,,0.00,0.00,0.00,0.00,0.00,0.00,0.00,0.00,0.00,0.00,,,,0.00,,,0.00,0.00,0.00,0.00,0.00,0.00,0.00,0.00,0.00,0.00,0.00,0.00,"Beverages"
2026-05-16,12:51 ,"Uncategorized","Water","236.59 mL",0.00,0.00,0.00,0.00,,236.59,0.00,0.00,0.00,0.00,0.00,0.00,0.00,0.00,0.00,0.00,0.00,0.00,0.00,0.00,0.00,0.00,0.00,0.00,0.00,0.00,0.00,0.00,0.00,0.00,0.00,,,0.00,0.00,0.00,0.00,0.00,0.00,0.00,0.00,0.00,0.00,,,,0.00,,,0.00,0.00,0.00,0.00,0.00,0.00,0.00,0.00,0.00,0.00,0.00,0.00,"Beverages"
2026-05-16,12:51 ,"Uncategorized","Water","236.59 mL",0.00,0.00,0.00,0.00,,236.59,0.00,0.00,0.00,0.00,0.00,0.00,0.00,0.00,0.00,0.00,0.00,0.00,0.00,0.00,0.00,0.00,0.00,0.00,0.00,0.00,0.00,0.00,0.00,0.00,0.00,,,0.00,0.00,0.00,0.00,0.00,0.00,0.00,0.00,0.00,0.00,,,,0.00,,,0.00,0.00,0.00,0.00,0.00,0.00,0.00,0.00,0.00,0.00,0.00,0.00,"Beverages"
2026-05-16,09:22 ,"Breakfast","Honey","1.00 tbsp",63.84,,,,,3.59,,0.01,0.03,0.01,0.01,,0.42,,0.11,,,,1.26,0.01,0.09,0.42,0.02,0.84,10.92,0.17,0.84,0.05,17.26,17.30,0.04,,,0.02,17.25,17.25,,,,,,,,,,,,,,0.00,0.00,0.00,0.00,0.00,0.00,0.00,0.06,0.00,0.00,0.00,0.00,"Sweets"
2026-05-16,12:51 ,"Breakfast","Tenzing, Natural Energy Drink, Raspberry & Yuzu","1.00 Can",62.70,,105.60,,,,,,,,,,,,15.84,,,,,,,,,,,,132.00,,14.85,14.85,,,,,14.85,,0.00,,,,0.00,,,,,,,,,,,,,,,,0.00,,,,,"Beverages"
2026-05-16,09:21 ,"Breakfast","Arla, Skyr, Vanille, 0% Fat","200.00 g",146.00,,,,,,,,,,,,,,,,,,,,,,,,,,96.00,,17.20,17.20,,,,,15.00,,0.00,,,,0.00,,,,,,,,,,,,,,,,17.20,,,,,"Dairy and Egg Products"
2026-05-16,09:21 ,"Breakfast","Boiled Eggs","2.00 medium",136.40,0.00,0.00,0.00,0.00,65.67,0.06,0.45,0.06,1.23,0.11,0.98,38.72,131.41,0.00,76.56,0.91,0.26,44.00,0.01,1.05,8.80,0.02,151.36,110.88,27.10,109.12,0.92,0.98,0.99,0.00,0.00,0.00,0.00,0.99,0.00,9.34,328.24,3.59,1.24,2.87,0.00,0.06,0.02,0.03,0.00,1.16,0.13,1.02,0.26,0.26,0.60,0.95,0.80,0.34,0.59,11.07,0.53,0.13,0.45,0.67,"Dairy and Egg Products"
2026-05-16,09:22 ,"Breakfast","Asda, Pomegranate Seeds","30.00 g",30.31,,,,,,,,,,,,,,,,,,,,,,,,,,0.60,,5.70,6.90,1.20,,,,4.20,,0.36,,,,0.02,,,,,,,,,,,,,,,,0.51,,,,,"Nut and Seed Products"
2026-05-16,09:22 ,"Breakfast","barnhouse, Krunchy Dinkel mit regionalem Dinkel","50.00 g",225.47,,,,,,,,,,,,,,,,,,,,,,,,,,35.00,,33.00,36.00,3.00,,,,7.00,,7.50,,,,1.55,,,,,,,,,,,,,,,,4.85,,,,,"Breakfast Cereals"
2026-05-16,12:50 ,"Lunch","Olav's, Norwegian Smoked Salmon","100.00 g",182.72,,,,,,,,,,,,,,,,,,,,,,,,,,1192.00,,0.00,0.00,,,,,0.00,,11.00,,,,1.50,4.50,,,,,,,,,,,,,,,21.00,,,,,"Finfish and Shellfish Products"
2026-05-16,12:50 ,"Lunch","Tasty Basics, Crackers, Kaas - Peper","2.00 cracker",200.00,,,,,,,,,,,,,,,,,,,,,,,,,,320.00,,9.00,13.20,4.20,,,,1.80,,9.80,,,,2.20,,,,,,,,,,,,,,,,16.60,,,,,"Snacks"
2026-05-16,11:57 ,"Lunch","Proper Chips, Chickpea Chips, Ghost Chilli + Yuzu","85.00 g",418.22,,,,,,,,,,,,,,,,,,,,,,,,,,282.20,,53.55,56.36,2.81,,,,0.43,,20.40,,,,1.62,,,,,,,,,,,,,,,,6.89,,,,,"Snacks"
2026-05-16,12:49 ,"Lunch","Crustaceans, Shrimp, Cooked","200.00 g",198.00,,,,,148.66,,,,,,,,,,,,,140.00,0.76,1.02,78.00,0.07,474.00,518.00,,222.00,3.28,0.40,0.40,,,,,,,0.56,378.00,0.10,0.16,0.11,0.00,0.06,0.00,0.03,0.03,0.04,0.00,0.04,,,,,,,,47.96,,,,,"Finfish and Shellfish Products"
2026-05-16,17:35 ,"Dinner","Holy Napoli, Neapolitan Pizza, Margherita","4.00 x 0.25 pizza",800.00,,,,,,,,,,,,,,,,,,300.00,,8.00,,,,320.00,,1840.00,,116.00,120.00,4.00,,,,4.00,,20.00,40.00,,,4.00,0.00,,,,,,,,,,,,,,,28.00,,,,,"Meals, Entrees, and Sidedishes"
2026-05-16,12:49 ,"Snacks","Olly, The Perfect Men's Multi","0.50 x 2.0 gummies",10.00,,,,,,0.19,0.22,5.00,5.00,2.50,7.50,200.00,750.00,37.50,250.00,10.07,,,,,,,,,26.50,,2.50,2.00,2.00,,,,,1.50,,,,,,,,,,,,,,,,,,,,,,,,,,,"Supplements"
2026-05-17,18:06 ,"Breakfast","Water","236.59 mL",0.00,0.00,0.00,0.00,,236.59,0.00,0.00,0.00,0.00,0.00,0.00,0.00,0.00,0.00,0.00,0.00,0.00,0.00,0.00,0.00,0.00,0.00,0.00,0.00,0.00,0.00,0.00,0.00,0.00,0.00,,,0.00,0.00,0.00,0.00,0.00,0.00,0.00,0.00,0.00,0.00,,,,0.00,,,0.00,0.00,0.00,0.00,0.00,0.00,0.00,0.00,0.00,0.00,0.00,0.00,"Beverages"
2026-05-17,18:06 ,"Breakfast","Water","236.59 mL",0.00,0.00,0.00,0.00,,236.59,0.00,0.00,0.00,0.00,0.00,0.00,0.00,0.00,0.00,0.00,0.00,0.00,0.00,0.00,0.00,0.00,0.00,0.00,0.00,0.00,0.00,0.00,0.00,0.00,0.00,,,0.00,0.00,0.00,0.00,0.00,0.00,0.00,0.00,0.00,0.00,,,,0.00,,,0.00,0.00,0.00,0.00,0.00,0.00,0.00,0.00,0.00,0.00,0.00,0.00,"Beverages"
2026-05-17,18:06 ,"Breakfast","Water","236.59 mL",0.00,0.00,0.00,0.00,,236.59,0.00,0.00,0.00,0.00,0.00,0.00,0.00,0.00,0.00,0.00,0.00,0.00,0.00,0.00,0.00,0.00,0.00,0.00,0.00,0.00,0.00,0.00,0.00,0.00,0.00,,,0.00,0.00,0.00,0.00,0.00,0.00,0.00,0.00,0.00,0.00,,,,0.00,,,0.00,0.00,0.00,0.00,0.00,0.00,0.00,0.00,0.00,0.00,0.00,0.00,"Beverages"
2026-05-17,18:06 ,"Breakfast","Water","236.59 mL",0.00,0.00,0.00,0.00,,236.59,0.00,0.00,0.00,0.00,0.00,0.00,0.00,0.00,0.00,0.00,0.00,0.00,0.00,0.00,0.00,0.00,0.00,0.00,0.00,0.00,0.00,0.00,0.00,0.00,0.00,,,0.00,0.00,0.00,0.00,0.00,0.00,0.00,0.00,0.00,0.00,,,,0.00,,,0.00,0.00,0.00,0.00,0.00,0.00,0.00,0.00,0.00,0.00,0.00,0.00,"Beverages"
2026-05-17,18:53 ,"Breakfast","barnhouse, Krunchy Dinkel mit regionalem Dinkel","50.00 g",225.47,,,,,,,,,,,,,,,,,,,,,,,,,,35.00,,33.00,36.00,3.00,,,,7.00,,7.50,,,,1.55,,,,,,,,,,,,,,,,4.85,,,,,"Breakfast Cereals"
2026-05-17,18:53 ,"Breakfast","Tenzing, Natural Energy Drink, Raspberry & Yuzu","1.00 Can",62.70,,105.60,,,,,,,,,,,,15.84,,,,,,,,,,,,132.00,,14.85,14.85,,,,,14.85,,0.00,,,,0.00,,,,,,,,,,,,,,,,0.00,,,,,"Beverages"
2026-05-17,18:53 ,"Breakfast","Arla, Skyr, Vanille, 0% Fat","200.00 g",146.00,,,,,,,,,,,,,,,,,,,,,,,,,,96.00,,17.20,17.20,,,,,15.00,,0.00,,,,0.00,,,,,,,,,,,,,,,,17.20,,,,,"Dairy and Egg Products"
2026-05-17,18:06 ,"Lunch","Lay's, Sensations, Thai Sweet Chilli","150.00 g",733.50,,,,,,,,,,,,,,,,,,,,,,,,,,384.00,,84.00,91.80,7.80,,,,5.40,,37.50,,,,2.85,,,,,,,,,,,,,,,,9.60,,,,,"Snacks"
2026-05-17,18:06 ,"Lunch","Apple Cake, not Frosted","100.00 g",383.13,0.13,0.00,12.77,79.06,37.51,0.22,0.18,1.53,0.30,0.04,0.15,51.80,20.26,0.30,11.52,2.89,6.26,15.95,0.05,1.51,8.49,0.24,48.43,70.64,8.97,232.95,0.32,45.92,47.29,1.18,0.58,0.40,16.44,29.40,26.45,19.89,49.43,7.28,3.42,8.64,0.18,0.23,0.23,0.01,0.00,3.17,0.02,3.15,0.09,0.09,0.18,0.31,0.18,0.10,0.21,4.14,0.15,0.05,0.14,0.20,"Sweets"
2026-05-17,18:05 ,"Lunch","Tenzing, Natural Energy Drink, Raspberry & Yuzu","1.00 Can",62.70,,105.60,,,,,,,,,,,,15.84,,,,,,,,,,,,132.00,,14.85,14.85,,,,,14.85,,0.00,,,,0.00,,,,,,,,,,,,,,,,0.00,,,,,"Beverages"
2026-05-17,18:05 ,"Lunch","Spar, Sandwiches, 1x Tuna & 1x Egg Chives","1.40 Serving",336.39,,,,,,,,,,,,,,,,,,,,,,,,,,560.00,,28.00,30.94,2.94,,,,3.50,,18.20,,,,2.24,,,,,,,,,,,,,,,,13.86,,,,,"Meals, Entrees, and Sidedishes"
2026-05-17,18:57 ,"Dinner","Ashoka, Matar Paneer","200.00 g",342.86,,,,,,,,,,,,,,,0.00,,,71.43,,2.86,,,,157.14,,671.43,,15.71,18.57,2.86,,,,2.86,0.00,24.29,50.00,,,8.57,0.00,,,,,,,,,,,,,,,5.71,,,,,"Meals, Entrees, and Sidedishes"
2026-05-17,18:57 ,"Dinner","Basmati Rice, Cooked in Unsalted Water","300.00 g",345.00,0.00,0.00,5.40,121.80,214.23,0.06,0.04,1.20,1.17,0.28,0.00,9.00,0.00,0.00,0.00,0.17,0.00,18.00,0.21,1.26,36.00,1.42,69.00,105.00,22.50,3.00,1.47,76.74,78.75,2.01,2.01,0.00,76.74,0.00,0.00,0.45,0.00,0.20,0.04,0.15,0.00,0.00,0.00,0.00,0.00,0.03,0.00,0.03,0.12,0.14,0.26,0.50,0.22,0.14,0.32,6.03,0.22,0.07,0.20,0.37,"Cereal Grains and Pasta"
2026-05-18,17:48 ,"Uncategorized","Water","236.59 mL",0.00,0.00,0.00,0.00,,236.59,0.00,0.00,0.00,0.00,0.00,0.00,0.00,0.00,0.00,0.00,0.00,0.00,0.00,0.00,0.00,0.00,0.00,0.00,0.00,0.00,0.00,0.00,0.00,0.00,0.00,,,0.00,0.00,0.00,0.00,0.00,0.00,0.00,0.00,0.00,0.00,,,,0.00,,,0.00,0.00,0.00,0.00,0.00,0.00,0.00,0.00,0.00,0.00,0.00,0.00,"Beverages"
2026-05-18,17:48 ,"Uncategorized","Water","236.59 mL",0.00,0.00,0.00,0.00,,236.59,0.00,0.00,0.00,0.00,0.00,0.00,0.00,0.00,0.00,0.00,0.00,0.00,0.00,0.00,0.00,0.00,0.00,0.00,0.00,0.00,0.00,0.00,0.00,0.00,0.00,,,0.00,0.00,0.00,0.00,0.00,0.00,0.00,0.00,0.00,0.00,,,,0.00,,,0.00,0.00,0.00,0.00,0.00,0.00,0.00,0.00,0.00,0.00,0.00,0.00,"Beverages"
2026-05-18,17:48 ,"Uncategorized","Water","236.59 mL",0.00,0.00,0.00,0.00,,236.59,0.00,0.00,0.00,0.00,0.00,0.00,0.00,0.00,0.00,0.00,0.00,0.00,0.00,0.00,0.00,0.00,0.00,0.00,0.00,0.00,0.00,0.00,0.00,0.00,0.00,,,0.00,0.00,0.00,0.00,0.00,0.00,0.00,0.00,0.00,0.00,,,,0.00,,,0.00,0.00,0.00,0.00,0.00,0.00,0.00,0.00,0.00,0.00,0.00,0.00,"Beverages"
2026-05-18,08:17 ,"Breakfast","Olav's, Norwegian Smoked Salmon","80.00 g",146.17,,,,,,,,,,,,,,,,,,,,,,,,,,953.60,,0.00,0.00,,,,,0.00,,8.80,,,,1.20,3.60,,,,,,,,,,,,,,,16.80,,,,,"Finfish and Shellfish Products"
2026-05-18,08:17 ,"Breakfast","Honey","1.00 tbsp",63.84,,,,,3.59,,0.01,0.03,0.01,0.01,,0.42,,0.11,,,,1.26,0.01,0.09,0.42,0.02,0.84,10.92,0.17,0.84,0.05,17.26,17.30,0.04,,,0.02,17.25,17.25,,,,,,,,,,,,,,0.00,0.00,0.00,0.00,0.00,0.00,0.00,0.06,0.00,0.00,0.00,0.00,"Sweets"
2026-05-18,08:16 ,"Breakfast","barnhouse, Krunchy Dinkel mit regionalem Dinkel","60.00 g",270.56,,,,,,,,,,,,,,,,,,,,,,,,,,42.00,,39.60,43.20,3.60,,,,8.40,,9.00,,,,1.85,,,,,,,,,,,,,,,,5.81,,,,,"Breakfast Cereals"
2026-05-18,08:17 ,"Breakfast","Asda, Pomegranate Seeds","20.00 g",20.21,,,,,,,,,,,,,,,,,,,,,,,,,,0.40,,3.80,4.60,0.80,,,,2.80,,0.24,,,,0.01,,,,,,,,,,,,,,,,0.34,,,,,"Nut and Seed Products"
2026-05-18,08:16 ,"Breakfast","Arla, Skyr, Vanille, 0% Fat","250.00 g",182.50,,,,,,,,,,,,,,,,,,,,,,,,,,120.00,,21.50,21.50,,,,,18.75,,0.00,,,,0.00,,,,,,,,,,,,,,,,21.50,,,,,"Dairy and Egg Products"
2026-05-18,17:49 ,"Lunch","Herring, Pickled","180.00 g",471.60,0.00,0.00,1.44,0.00,99.40,0.06,0.25,5.94,0.15,0.31,7.69,3.60,464.40,0.00,203.40,3.08,0.36,138.60,0.19,2.20,14.40,0.07,160.20,124.20,105.30,1566.00,0.95,17.35,17.35,0.00,0.00,0.00,0.00,13.88,13.88,32.40,23.40,21.50,3.02,4.29,0.00,2.64,0.00,0.98,1.52,0.38,0.00,0.38,0.27,0.75,1.18,2.08,2.35,0.76,1.00,25.54,1.12,0.29,0.86,1.32,"Finfish and Shellfish Products"
2026-05-18,17:49 ,"Lunch","Hamburger Bun, White","0.50 large - 4"" diameter",79.51,0.00,0.00,6.80,23.37,9.79,0.15,0.08,1.19,0.16,0.02,0.06,37.33,8.43,0.37,0.00,0.08,1.37,41.04,0.03,0.98,6.56,0.15,28.78,34.77,7.75,140.79,0.21,13.77,14.28,0.51,0.37,0.15,10.46,2.07,1.96,1.11,0.00,0.21,0.51,0.24,0.01,0.05,0.05,0.00,0.00,0.45,0.00,0.45,0.05,0.05,0.10,0.18,0.07,0.04,0.12,2.78,0.07,0.03,0.07,0.11,"Baked Products"
2026-05-18,17:54 ,"Dinner","Gigantes Plaki","1.00 serving",542.31,0.00,0.00,34.66,260.67,369.51,0.45,0.37,3.17,1.73,0.72,0.42,222.89,177.78,42.20,0.00,5.39,281.49,281.96,0.77,10.63,133.83,2.01,359.92,1609.11,13.24,1163.48,3.21,42.79,61.68,18.63,11.39,2.52,27.90,15.43,1.30,25.84,14.50,15.33,2.88,5.88,0.29,0.38,0.38,0.00,0.00,2.40,0.00,2.25,0.22,0.61,1.09,1.81,1.49,0.33,1.13,22.81,0.91,0.26,0.78,1.30,""
2026-05-18,11:19 ,"Snacks","Canned Mackerel","1.00 can",126.59,,,,,,,,,,,,,,,,,,,,,,,,,,440.00,,0.85,0.85,,,,,0.00,,3.30,0.00,,0.90,1.10,0.00,0.90,,,,,,,,,,,,,,24.00,,,,,"Finfish and Shellfish Products"
2026-05-19,17:40 ,"Uncategorized","Water","236.59 mL",0.00,0.00,0.00,0.00,,236.59,0.00,0.00,0.00,0.00,0.00,0.00,0.00,0.00,0.00,0.00,0.00,0.00,0.00,0.00,0.00,0.00,0.00,0.00,0.00,0.00,0.00,0.00,0.00,0.00,0.00,,,0.00,0.00,0.00,0.00,0.00,0.00,0.00,0.00,0.00,0.00,,,,0.00,,,0.00,0.00,0.00,0.00,0.00,0.00,0.00,0.00,0.00,0.00,0.00,0.00,"Beverages"
2026-05-19,17:40 ,"Uncategorized","Water","236.59 mL",0.00,0.00,0.00,0.00,,236.59,0.00,0.00,0.00,0.00,0.00,0.00,0.00,0.00,0.00,0.00,0.00,0.00,0.00,0.00,0.00,0.00,0.00,0.00,0.00,0.00,0.00,0.00,0.00,0.00,0.00,,,0.00,0.00,0.00,0.00,0.00,0.00,0.00,0.00,0.00,0.00,,,,0.00,,,0.00,0.00,0.00,0.00,0.00,0.00,0.00,0.00,0.00,0.00,0.00,0.00,"Beverages"
2026-05-19,17:40 ,"Uncategorized","Water","236.59 mL",0.00,0.00,0.00,0.00,,236.59,0.00,0.00,0.00,0.00,0.00,0.00,0.00,0.00,0.00,0.00,0.00,0.00,0.00,0.00,0.00,0.00,0.00,0.00,0.00,0.00,0.00,0.00,0.00,0.00,0.00,,,0.00,0.00,0.00,0.00,0.00,0.00,0.00,0.00,0.00,0.00,,,,0.00,,,0.00,0.00,0.00,0.00,0.00,0.00,0.00,0.00,0.00,0.00,0.00,0.00,"Beverages"
2026-05-19,17:40 ,"Uncategorized","Water","236.59 mL",0.00,0.00,0.00,0.00,,236.59,0.00,0.00,0.00,0.00,0.00,0.00,0.00,0.00,0.00,0.00,0.00,0.00,0.00,0.00,0.00,0.00,0.00,0.00,0.00,0.00,0.00,0.00,0.00,0.00,0.00,,,0.00,0.00,0.00,0.00,0.00,0.00,0.00,0.00,0.00,0.00,,,,0.00,,,0.00,0.00,0.00,0.00,0.00,0.00,0.00,0.00,0.00,0.00,0.00,0.00,"Beverages"
2026-05-19,17:40 ,"Uncategorized","Water","236.59 mL",0.00,0.00,0.00,0.00,,236.59,0.00,0.00,0.00,0.00,0.00,0.00,0.00,0.00,0.00,0.00,0.00,0.00,0.00,0.00,0.00,0.00,0.00,0.00,0.00,0.00,0.00,0.00,0.00,0.00,0.00,,,0.00,0.00,0.00,0.00,0.00,0.00,0.00,0.00,0.00,0.00,,,,0.00,,,0.00,0.00,0.00,0.00,0.00,0.00,0.00,0.00,0.00,0.00,0.00,0.00,"Beverages"
2026-05-19,11:56 ,"Lunch","Focaccia Bread","2.00 slice - 1/8 of 12"" diameter",448.85,0.00,0.00,39.94,252.92,68.46,1.00,0.45,6.53,0.63,0.09,0.00,218.59,1.68,0.24,0.00,2.06,8.39,23.67,0.15,5.01,25.73,0.67,104.98,141.36,13.66,1182.68,0.78,64.15,67.39,3.25,1.30,1.80,63.82,0.23,0.00,14.97,0.00,10.05,1.97,2.11,0.02,0.13,0.13,0.00,0.00,1.83,0.00,1.83,0.21,0.23,0.36,0.70,0.27,0.18,0.51,10.13,0.29,0.13,0.30,0.42,"Baked Products"
2026-05-19,11:55 ,"Lunch","Gorgonzola Cheese","2.00 tbsp",110.21,0.00,0.00,3.12,0.00,13.24,0.01,0.12,0.32,0.54,0.05,0.38,11.24,57.81,0.00,6.56,0.08,0.75,164.85,0.01,0.10,7.18,0.00,120.83,79.93,4.53,357.79,0.83,0.73,0.73,0.00,0.00,0.00,0.00,0.16,0.00,8.97,23.42,2.43,0.25,5.83,0.22,0.08,0.08,0.00,0.00,0.04,0.00,0.04,0.03,0.24,0.35,0.60,0.58,0.18,0.34,6.68,0.25,0.10,0.40,0.49,"Dairy and Egg Products"
2026-05-19,21:15 ,"Dinner","Cacio e Pepe Spaghetti","1.50 serving",368.81,0.00,0.00,14.47,7.17,3.70,0.31,0.43,2.48,0.18,0.06,0.00,133.87,257.85,0.00,0.00,0.06,4.27,554.34,0.13,1.38,22.51,0.64,390.01,110.49,21.69,1031.14,0.51,26.46,28.21,1.75,0.59,0.06,22.36,2.00,0.00,19.89,64.29,0.08,0.22,12.99,0.00,0.01,0.01,0.00,0.00,0.20,0.00,0.02,0.09,0.11,0.18,0.36,0.11,0.05,0.24,19.72,0.16,0.06,0.10,0.21,""
2026-05-19,17:40 ,"Snacks","AH Paprika Chips","1.00 package",209.00,,,,,,,,,,,,,,,,,,,,,,,,,,560.00,,22.00,24.40,2.40,,,,1.30,,12.00,,,,1.00,,,,,,,,,,,,,,,,0.55,,,,,"Snacks"
2026-05-20,20:42 ,"Uncategorized","Water","236.59 mL",0.00,0.00,0.00,0.00,,236.59,0.00,0.00,0.00,0.00,0.00,0.00,0.00,0.00,0.00,0.00,0.00,0.00,0.00,0.00,0.00,0.00,0.00,0.00,0.00,0.00,0.00,0.00,0.00,0.00,0.00,,,0.00,0.00,0.00,0.00,0.00,0.00,0.00,0.00,0.00,0.00,,,,0.00,,,0.00,0.00,0.00,0.00,0.00,0.00,0.00,0.00,0.00,0.00,0.00,0.00,"Beverages"
2026-05-20,20:42 ,"Uncategorized","Water","236.59 mL",0.00,0.00,0.00,0.00,,236.59,0.00,0.00,0.00,0.00,0.00,0.00,0.00,0.00,0.00,0.00,0.00,0.00,0.00,0.00,0.00,0.00,0.00,0.00,0.00,0.00,0.00,0.00,0.00,0.00,0.00,,,0.00,0.00,0.00,0.00,0.00,0.00,0.00,0.00,0.00,0.00,,,,0.00,,,0.00,0.00,0.00,0.00,0.00,0.00,0.00,0.00,0.00,0.00,0.00,0.00,"Beverages"
2026-05-20,20:42 ,"Uncategorized","Water","236.59 mL",0.00,0.00,0.00,0.00,,236.59,0.00,0.00,0.00,0.00,0.00,0.00,0.00,0.00,0.00,0.00,0.00,0.00,0.00,0.00,0.00,0.00,0.00,0.00,0.00,0.00,0.00,0.00,0.00,0.00,0.00,,,0.00,0.00,0.00,0.00,0.00,0.00,0.00,0.00,0.00,0.00,,,,0.00,,,0.00,0.00,0.00,0.00,0.00,0.00,0.00,0.00,0.00,0.00,0.00,0.00,"Beverages"
2026-05-20,20:42 ,"Uncategorized","Water","236.59 mL",0.00,0.00,0.00,0.00,,236.59,0.00,0.00,0.00,0.00,0.00,0.00,0.00,0.00,0.00,0.00,0.00,0.00,0.00,0.00,0.00,0.00,0.00,0.00,0.00,0.00,0.00,0.00,0.00,0.00,0.00,,,0.00,0.00,0.00,0.00,0.00,0.00,0.00,0.00,0.00,0.00,,,,0.00,,,0.00,0.00,0.00,0.00,0.00,0.00,0.00,0.00,0.00,0.00,0.00,0.00,"Beverages"
2026-05-20,20:42 ,"Uncategorized","Water","236.59 mL",0.00,0.00,0.00,0.00,,236.59,0.00,0.00,0.00,0.00,0.00,0.00,0.00,0.00,0.00,0.00,0.00,0.00,0.00,0.00,0.00,0.00,0.00,0.00,0.00,0.00,0.00,0.00,0.00,0.00,0.00,,,0.00,0.00,0.00,0.00,0.00,0.00,0.00,0.00,0.00,0.00,,,,0.00,,,0.00,0.00,0.00,0.00,0.00,0.00,0.00,0.00,0.00,0.00,0.00,0.00,"Beverages"
2026-05-20,20:42 ,"Uncategorized","Water","236.59 mL",0.00,0.00,0.00,0.00,,236.59,0.00,0.00,0.00,0.00,0.00,0.00,0.00,0.00,0.00,0.00,0.00,0.00,0.00,0.00,0.00,0.00,0.00,0.00,0.00,0.00,0.00,0.00,0.00,0.00,0.00,,,0.00,0.00,0.00,0.00,0.00,0.00,0.00,0.00,0.00,0.00,,,,0.00,,,0.00,0.00,0.00,0.00,0.00,0.00,0.00,0.00,0.00,0.00,0.00,0.00,"Beverages"
2026-05-20,20:36 ,"Breakfast","barnhouse, Krunchy Dinkel mit regionalem Dinkel","50.00 g",225.47,,,,,,,,,,,,,,,,,,,,,,,,,,35.00,,33.00,36.00,3.00,,,,7.00,,7.50,,,,1.55,,,,,,,,,,,,,,,,4.85,,,,,"Breakfast Cereals"
2026-05-20,20:36 ,"Breakfast","Honey","2.00 tbsp",127.68,,,,,7.18,,0.02,0.05,0.03,0.01,,0.84,,0.21,,,,2.52,0.02,0.18,0.84,0.03,1.68,21.84,0.34,1.68,0.09,34.52,34.61,0.08,,,0.03,34.49,34.49,,,,,,,,,,,,,,0.00,0.00,0.00,0.00,0.00,0.00,0.00,0.13,0.00,0.00,0.00,0.00,"Sweets"
2026-05-20,20:37 ,"Breakfast","Asda, Pomegranate Seeds","50.00 g",50.52,,,,,,,,,,,,,,,,,,,,,,,,,,1.00,,9.50,11.50,2.00,,,,7.00,,0.60,,,,0.03,,,,,,,,,,,,,,,,0.85,,,,,"Nut and Seed Products"
2026-05-20,20:36 ,"Breakfast","Arla, Skyr, Vanille, 0% Fat","300.00 g",219.00,,,,,,,,,,,,,,,,,,,,,,,,,,144.00,,25.80,25.80,,,,,22.50,,0.00,,,,0.00,,,,,,,,,,,,,,,,25.80,,,,,"Dairy and Egg Products"
2026-05-20,20:37 ,"Lunch","Chicken Sausage","120.00 g",229.48,0.00,0.00,0.83,9.08,80.28,0.04,0.13,4.44,0.67,0.18,0.18,5.91,69.37,0.00,3.55,0.21,3.24,18.97,0.06,1.54,14.65,0.04,107.42,145.12,14.91,1028.18,1.51,5.13,5.19,0.03,0.02,0.01,0.01,3.29,3.19,15.01,59.12,5.99,3.30,4.19,0.31,0.19,0.12,0.04,0.01,3.01,0.11,2.90,0.24,0.50,0.84,1.25,1.38,0.45,0.68,17.48,0.71,0.19,0.55,0.84,"Sausages and Luncheon Meats"
2026-05-20,20:37 ,"Lunch","Farmer's Deli, Smoked Chicken Roll, Sliced","2.00 Serving",290.44,,,,,,,,,,,,,,,,,,,,,,,,,,2054.00,,13.40,13.90,0.50,,,,4.20,,10.60,,,,0.50,,,,,,,,,,,,,,,,32.00,,,,,"Meals, Entrees, and Sidedishes"
2026-05-20,20:39 ,"Dinner","Grilled Halloumi Chickpea Salad","1.50 serving",1334.11,0.00,0.00,46.67,335.13,680.50,0.33,1.09,3.48,2.29,1.31,0.94,343.89,958.65,288.39,15.00,9.37,46.66,1669.05,0.95,4.58,198.05,3.15,1334.12,1412.19,32.21,2999.31,9.59,71.67,96.59,24.34,21.18,3.19,41.37,30.41,0.00,78.31,118.13,30.67,7.82,35.35,1.50,0.63,0.35,0.00,0.00,6.26,0.00,4.70,0.34,0.65,0.99,1.63,1.56,0.30,1.28,69.85,0.92,0.25,0.58,0.99,""
2026-05-20,20:40 ,"Dinner","Bulleit, Bourbon Whiskey","7.00 x 1.5 fl oz (44 ml)",770.00,110.88,,,,199.64,,,,,,,,,,,,,,,,,,,,,,,0.00,0.00,,,,,,,0.00,,,,,,,,,,,,,,,,,,,,0.00,,,,,"Beverages"
2026-05-20,15:30 ,"Snacks","AH Paprika Chips","1.00 package",209.00,,,,,,,,,,,,,,,,,,,,,,,,,,560.00,,22.00,24.40,2.40,,,,1.30,,12.00,,,,1.00,,,,,,,,,,,,,,,,0.55,,,,,"Snacks"
2026-05-21,19:57 ,"Uncategorized","Water","236.59 mL",0.00,0.00,0.00,0.00,,236.59,0.00,0.00,0.00,0.00,0.00,0.00,0.00,0.00,0.00,0.00,0.00,0.00,0.00,0.00,0.00,0.00,0.00,0.00,0.00,0.00,0.00,0.00,0.00,0.00,0.00,,,0.00,0.00,0.00,0.00,0.00,0.00,0.00,0.00,0.00,0.00,,,,0.00,,,0.00,0.00,0.00,0.00,0.00,0.00,0.00,0.00,0.00,0.00,0.00,0.00,"Beverages"
2026-05-21,19:57 ,"Uncategorized","Water","236.59 mL",0.00,0.00,0.00,0.00,,236.59,0.00,0.00,0.00,0.00,0.00,0.00,0.00,0.00,0.00,0.00,0.00,0.00,0.00,0.00,0.00,0.00,0.00,0.00,0.00,0.00,0.00,0.00,0.00,0.00,0.00,,,0.00,0.00,0.00,0.00,0.00,0.00,0.00,0.00,0.00,0.00,,,,0.00,,,0.00,0.00,0.00,0.00,0.00,0.00,0.00,0.00,0.00,0.00,0.00,0.00,"Beverages"
2026-05-21,19:57 ,"Uncategorized","Water","236.59 mL",0.00,0.00,0.00,0.00,,236.59,0.00,0.00,0.00,0.00,0.00,0.00,0.00,0.00,0.00,0.00,0.00,0.00,0.00,0.00,0.00,0.00,0.00,0.00,0.00,0.00,0.00,0.00,0.00,0.00,0.00,,,0.00,0.00,0.00,0.00,0.00,0.00,0.00,0.00,0.00,0.00,,,,0.00,,,0.00,0.00,0.00,0.00,0.00,0.00,0.00,0.00,0.00,0.00,0.00,0.00,"Beverages"
2026-05-21,19:57 ,"Uncategorized","Water","236.59 mL",0.00,0.00,0.00,0.00,,236.59,0.00,0.00,0.00,0.00,0.00,0.00,0.00,0.00,0.00,0.00,0.00,0.00,0.00,0.00,0.00,0.00,0.00,0.00,0.00,0.00,0.00,0.00,0.00,0.00,0.00,,,0.00,0.00,0.00,0.00,0.00,0.00,0.00,0.00,0.00,0.00,,,,0.00,,,0.00,0.00,0.00,0.00,0.00,0.00,0.00,0.00,0.00,0.00,0.00,0.00,"Beverages"
2026-05-21,19:57 ,"Uncategorized","Water","236.59 mL",0.00,0.00,0.00,0.00,,236.59,0.00,0.00,0.00,0.00,0.00,0.00,0.00,0.00,0.00,0.00,0.00,0.00,0.00,0.00,0.00,0.00,0.00,0.00,0.00,0.00,0.00,0.00,0.00,0.00,0.00,,,0.00,0.00,0.00,0.00,0.00,0.00,0.00,0.00,0.00,0.00,,,,0.00,,,0.00,0.00,0.00,0.00,0.00,0.00,0.00,0.00,0.00,0.00,0.00,0.00,"Beverages"
2026-05-21,19:57 ,"Uncategorized","Water","236.59 mL",0.00,0.00,0.00,0.00,,236.59,0.00,0.00,0.00,0.00,0.00,0.00,0.00,0.00,0.00,0.00,0.00,0.00,0.00,0.00,0.00,0.00,0.00,0.00,0.00,0.00,0.00,0.00,0.00,0.00,0.00,,,0.00,0.00,0.00,0.00,0.00,0.00,0.00,0.00,0.00,0.00,,,,0.00,,,0.00,0.00,0.00,0.00,0.00,0.00,0.00,0.00,0.00,0.00,0.00,0.00,"Beverages"
2026-05-21,19:57 ,"Uncategorized","Iglo, Fish Cuisine, Breton Style with Parsley & Lemon","2.00 serving",698.86,,,,,,,,,,,,,,,,,,,,,,,,,,1520.00,,38.00,41.04,3.04,,,,3.80,,41.80,,,,3.04,,,,,,,,,,,,,,,,41.80,,,,,"Meals, Entrees, and Sidedishes"
2026-05-21,19:59 ,"Uncategorized","Iglo, Spinach with Cream","450.00 g",245.06,,,,,,,,,,,,204.90,2346.00,,,,3177.00,,,,,,,,,1320.00,,15.30,23.40,8.10,,,,7.80,,11.70,,,,3.30,,,,,,,,,,,,,,,,15.90,,,,,"Meals, Entrees, and Sidedishes"
2026-05-21,13:29 ,"Breakfast","Asda, Pomegranate Seeds","50.00 g",50.52,,,,,,,,,,,,,,,,,,,,,,,,,,1.00,,9.50,11.50,2.00,,,,7.00,,0.60,,,,0.03,,,,,,,,,,,,,,,,0.85,,,,,"Nut and Seed Products"
2026-05-21,13:28 ,"Breakfast","Arla, Skyr, Vanille, 0% Fat","300.00 g",219.00,,,,,,,,,,,,,,,,,,,,,,,,,,144.00,,25.80,25.80,,,,,22.50,,0.00,,,,0.00,,,,,,,,,,,,,,,,25.80,,,,,"Dairy and Egg Products"
2026-05-21,13:29 ,"Breakfast","Honey","2.00 tbsp",127.68,,,,,7.18,,0.02,0.05,0.03,0.01,,0.84,,0.21,,,,2.52,0.02,0.18,0.84,0.03,1.68,21.84,0.34,1.68,0.09,34.52,34.61,0.08,,,0.03,34.49,34.49,,,,,,,,,,,,,,0.00,0.00,0.00,0.00,0.00,0.00,0.00,0.13,0.00,0.00,0.00,0.00,"Sweets"
2026-05-21,13:28 ,"Breakfast","barnhouse, Krunchy Dinkel mit regionalem Dinkel","50.00 g",225.47,,,,,,,,,,,,,,,,,,,,,,,,,,35.00,,33.00,36.00,3.00,,,,7.00,,7.50,,,,1.55,,,,,,,,,,,,,,,,4.85,,,,,"Breakfast Cereals"
2026-05-21,13:36 ,"Lunch","Breakfast Sausage, Pork","100.00 g",438.00,0.00,0.00,0.89,0.00,39.64,0.24,0.18,4.33,0.64,0.14,0.76,1.00,22.00,0.00,41.00,0.88,2.90,17.00,0.09,0.95,15.00,0.07,193.00,225.00,22.50,990.00,1.59,0.60,0.62,0.00,0.00,0.00,0.00,0.62,0.62,41.66,79.00,16.45,8.04,13.56,0.21,0.33,0.29,0.01,0.00,7.07,0.06,7.00,0.19,0.44,0.60,1.11,1.01,0.35,0.54,15.12,0.50,0.15,0.42,0.71,"Sausages and Luncheon Meats"
2026-05-21,13:36 ,"Lunch","Farmer's Deli, Smoked Chicken Roll, Sliced","2.00 Serving",290.44,,,,,,,,,,,,,,,,,,,,,,,,,,2054.00,,13.40,13.90,0.50,,,,4.20,,10.60,,,,0.50,,,,,,,,,,,,,,,,32.00,,,,,"Meals, Entrees, and Sidedishes"
2026-05-21,16:24 ,"Snacks","AH Paprika Chips","1.00 package",209.00,,,,,,,,,,,,,,,,,,,,,,,,,,560.00,,22.00,24.40,2.40,,,,1.30,,12.00,,,,1.00,,,,,,,,,,,,,,,,0.55,,,,,"Snacks"
2026-05-22,18:13 ,"Breakfast","Tenzing, Natural Energy Drink, Raspberry & Yuzu","1.00 Can",62.70,,105.60,,,,,,,,,,,,15.84,,,,,,,,,,,,132.00,,14.85,14.85,,,,,14.85,,0.00,,,,0.00,,,,,,,,,,,,,,,,0.00,,,,,"Beverages"
2026-05-22,18:13 ,"Breakfast","Arla, Skyr, Vanille, 0% Fat","250.00 g",182.50,,,,,,,,,,,,,,,,,,,,,,,,,,120.00,,21.50,21.50,,,,,18.75,,0.00,,,,0.00,,,,,,,,,,,,,,,,21.50,,,,,"Dairy and Egg Products"
2026-05-22,18:13 ,"Breakfast","barnhouse, Krunchy Dinkel mit regionalem Dinkel","50.00 g",225.47,,,,,,,,,,,,,,,,,,,,,,,,,,35.00,,33.00,36.00,3.00,,,,7.00,,7.50,,,,1.55,,,,,,,,,,,,,,,,4.85,,,,,"Breakfast Cereals"
2026-05-22,18:13 ,"Breakfast","Honey","2.00 tbsp",127.68,,,,,7.18,,0.02,0.05,0.03,0.01,,0.84,,0.21,,,,2.52,0.02,0.18,0.84,0.03,1.68,21.84,0.34,1.68,0.09,34.52,34.61,0.08,,,0.03,34.49,34.49,,,,,,,,,,,,,,0.00,0.00,0.00,0.00,0.00,0.00,0.00,0.13,0.00,0.00,0.00,0.00,"Sweets"
2026-05-22,18:14 ,"Lunch","Tuna Salad Sandwich, with Lettuce","1.00 sandwich",465.61,0.00,0.00,22.95,36.70,119.66,0.34,0.30,9.54,0.59,0.29,1.96,116.10,97.27,1.02,37.94,1.39,54.79,254.75,0.11,3.25,37.42,0.35,255.51,283.71,65.82,930.20,1.72,29.71,31.90,2.05,1.02,1.05,20.82,5.83,5.10,27.35,54.71,6.17,12.01,7.30,0.30,1.55,1.39,0.13,0.02,10.28,0.03,10.22,0.27,0.60,1.03,1.79,1.53,0.58,0.97,23.12,0.93,0.32,0.81,1.17,"Meals, Entrees, and Sidedishes"
2026-05-22,18:17 ,"Dinner","Pookie Bowl","1.00 Serving",895.24,0.00,0.00,8.56,37.71,101.36,0.42,0.35,11.87,1.52,0.66,12.59,7.09,891.49,1.17,303.63,2.00,36.15,25.26,0.20,1.92,83.82,0.44,369.95,513.20,50.58,1925.08,1.02,100.01,102.08,2.04,1.20,0.01,0.14,3.11,0.05,37.09,56.44,15.96,12.05,7.03,0.13,2.57,0.79,1.19,0.38,9.39,0.06,9.31,0.34,0.95,1.49,2.62,2.87,0.93,1.31,39.75,1.42,0.36,1.12,1.66,""
2026-05-22,18:13 ,"Snacks","Red Bull, Energy Drink, Europe","250.00 ml",115.00,,80.00,,,222.29,0.11,0.28,20.00,5.00,5.00,5.00,,,,,,,16.13,0.01,0.16,51.08,0.01,,8.06,0.54,100.00,0.03,27.50,27.50,0.00,,,,27.50,,0.00,,,,0.00,,,,,,,,,,,,,,,,1.24,,,,,"Beverages"
2026-05-22,18:13 ,"Snacks","Lay's, Max, Natural","0.40 per",209.60,,,,,,,,,,,,,,,,,,,,,,,,,,176.00,,19.20,21.08,1.88,,,,0.20,,13.20,,,,0.96,,,,,,,,,,,,,,,,2.68,,,,,"Snacks"
2026-05-23,22:35 ,"Uncategorized","Water","473.18 mL",0.00,0.00,0.00,0.00,,473.18,0.00,0.00,0.00,0.00,0.00,0.00,0.00,0.00,0.00,0.00,0.00,0.00,0.00,0.00,0.00,0.00,0.00,0.00,0.00,0.00,0.00,0.00,0.00,0.00,0.00,,,0.00,0.00,0.00,0.00,0.00,0.00,0.00,0.00,0.00,0.00,,,,0.00,,,0.00,0.00,0.00,0.00,0.00,0.00,0.00,0.00,0.00,0.00,0.00,0.00,"Beverages"
2026-05-23,22:35 ,"Uncategorized","Water","236.59 mL",0.00,0.00,0.00,0.00,,236.59,0.00,0.00,0.00,0.00,0.00,0.00,0.00,0.00,0.00,0.00,0.00,0.00,0.00,0.00,0.00,0.00,0.00,0.00,0.00,0.00,0.00,0.00,0.00,0.00,0.00,,,0.00,0.00,0.00,0.00,0.00,0.00,0.00,0.00,0.00,0.00,,,,0.00,,,0.00,0.00,0.00,0.00,0.00,0.00,0.00,0.00,0.00,0.00,0.00,0.00,"Beverages"
2026-05-23,22:35 ,"Uncategorized","Water","236.59 mL",0.00,0.00,0.00,0.00,,236.59,0.00,0.00,0.00,0.00,0.00,0.00,0.00,0.00,0.00,0.00,0.00,0.00,0.00,0.00,0.00,0.00,0.00,0.00,0.00,0.00,0.00,0.00,0.00,0.00,0.00,,,0.00,0.00,0.00,0.00,0.00,0.00,0.00,0.00,0.00,0.00,,,,0.00,,,0.00,0.00,0.00,0.00,0.00,0.00,0.00,0.00,0.00,0.00,0.00,0.00,"Beverages"
2026-05-23,22:35 ,"Uncategorized","Water","236.59 mL",0.00,0.00,0.00,0.00,,236.59,0.00,0.00,0.00,0.00,0.00,0.00,0.00,0.00,0.00,0.00,0.00,0.00,0.00,0.00,0.00,0.00,0.00,0.00,0.00,0.00,0.00,0.00,0.00,0.00,0.00,,,0.00,0.00,0.00,0.00,0.00,0.00,0.00,0.00,0.00,0.00,,,,0.00,,,0.00,0.00,0.00,0.00,0.00,0.00,0.00,0.00,0.00,0.00,0.00,0.00,"Beverages"
2026-05-23,22:32 ,"Breakfast","Arla, Skyr, Vanille, 0% Fat","250.00 g",182.50,,,,,,,,,,,,,,,,,,,,,,,,,,120.00,,21.50,21.50,,,,,18.75,,0.00,,,,0.00,,,,,,,,,,,,,,,,21.50,,,,,"Dairy and Egg Products"
2026-05-23,22:32 ,"Breakfast","barnhouse, Krunchy Dinkel mit regionalem Dinkel","70.00 g",315.66,,,,,,,,,,,,,,,,,,,,,,,,,,49.00,,46.20,50.40,4.20,,,,9.80,,10.50,,,,2.16,,,,,,,,,,,,,,,,6.78,,,,,"Breakfast Cereals"
2026-05-23,22:32 ,"Lunch","Bread Roll, Soft, White","2.00 medium - 2 1/2"" diameter",237.55,0.00,0.00,23.70,288.07,30.51,0.44,0.18,3.16,0.35,0.08,0.00,82.97,0.07,0.00,0.00,0.70,8.87,151.35,0.14,3.05,34.12,0.85,102.72,98.90,11.78,450.50,0.85,37.19,40.10,2.91,1.94,0.96,30.75,5.59,5.44,5.59,0.00,1.15,3.06,0.85,0.02,0.33,0.33,0.00,0.00,2.73,0.00,2.73,0.16,0.18,0.26,0.52,0.20,0.13,0.38,7.88,0.22,0.10,0.21,0.32,"Baked Products"
2026-05-23,22:33 ,"Lunch","Rio Mare, Tonno Al Naturale","112.00 g",114.23,,,,,,,,11.20,,,0.90,,,,,,,,,,,,210.56,,59.36,492.80,,,,,,,,,,0.56,,,,0.22,,,,,,,,,,,,,,,,26.88,,,,,"Finfish and Shellfish Products"
2026-05-23,22:34 ,"Dinner","Potato Salad, without Egg, Mayo Dressing","150.00 g",312.73,0.00,0.00,24.37,40.25,100.07,0.11,0.03,1.28,0.57,0.27,0.04,15.21,7.18,8.02,2.34,1.17,58.50,18.02,0.17,0.42,21.95,0.17,51.30,355.05,1.63,476.43,0.34,18.05,20.40,2.29,1.28,1.01,14.86,1.61,0.11,24.94,13.90,5.61,14.85,3.91,0.06,1.78,1.78,0.00,0.00,12.95,0.02,12.89,0.03,0.05,0.09,0.14,0.13,0.04,0.10,2.15,0.08,0.03,0.08,0.12,"Meals, Entrees, and Sidedishes"
2026-05-23,22:35 ,"Dinner","Fever-Tree, Mediterranean Tonic Water","5.00 x 100.0 mL",180.00,,,,,455.00,,,,,,,,,,,,,,,,,,,,,0.00,,45.00,45.00,,,,,37.00,,0.00,,,,0.00,,,,,,,,,,,,,,,,0.00,,,,,"Beverages"
2026-05-23,22:34 ,"Dinner","Gourmet, Doradenfilets","300.00 g",360.00,,,,,,,,,,,,,,,,,,,,,,,,,,36.00,,0.00,0.00,,,,,0.00,,14.70,,,,6.00,,,,,,,,,,,,,,,,57.00,,,,,"Finfish and Shellfish Products"
2026-05-23,22:34 ,"Dinner","Gin","1.00 cup",513.73,74.28,0.00,0.71,,148.12,0.01,0.01,0.03,0.00,0.00,0.00,0.00,0.00,0.00,0.00,0.00,0.00,0.00,0.05,0.09,0.00,0.04,8.90,4.45,0.00,2.22,0.09,0.00,0.00,0.00,,,0.00,0.00,0.00,0.00,0.00,0.00,0.00,0.00,0.00,0.00,0.00,0.00,0.00,0.00,0.00,0.00,0.00,0.00,0.00,0.00,0.00,0.00,0.00,0.00,0.00,0.00,0.00,0.00,"Beverages"
2026-05-24,10:32 ,"Uncategorized","Water","236.59 mL",0.00,0.00,0.00,0.00,,236.59,0.00,0.00,0.00,0.00,0.00,0.00,0.00,0.00,0.00,0.00,0.00,0.00,0.00,0.00,0.00,0.00,0.00,0.00,0.00,0.00,0.00,0.00,0.00,0.00,0.00,,,0.00,0.00,0.00,0.00,0.00,0.00,0.00,0.00,0.00,0.00,,,,0.00,,,0.00,0.00,0.00,0.00,0.00,0.00,0.00,0.00,0.00,0.00,0.00,0.00,"Beverages"
2026-05-24,10:32 ,"Uncategorized","Water","236.59 mL",0.00,0.00,0.00,0.00,,236.59,0.00,0.00,0.00,0.00,0.00,0.00,0.00,0.00,0.00,0.00,0.00,0.00,0.00,0.00,0.00,0.00,0.00,0.00,0.00,0.00,0.00,0.00,0.00,0.00,0.00,,,0.00,0.00,0.00,0.00,0.00,0.00,0.00,0.00,0.00,0.00,,,,0.00,,,0.00,0.00,0.00,0.00,0.00,0.00,0.00,0.00,0.00,0.00,0.00,0.00,"Beverages"
2026-05-24,14:44 ,"Uncategorized","Water","236.59 mL",0.00,0.00,0.00,0.00,,236.59,0.00,0.00,0.00,0.00,0.00,0.00,0.00,0.00,0.00,0.00,0.00,0.00,0.00,0.00,0.00,0.00,0.00,0.00,0.00,0.00,0.00,0.00,0.00,0.00,0.00,,,0.00,0.00,0.00,0.00,0.00,0.00,0.00,0.00,0.00,0.00,,,,0.00,,,0.00,0.00,0.00,0.00,0.00,0.00,0.00,0.00,0.00,0.00,0.00,0.00,"Beverages"
2026-05-24,14:44 ,"Uncategorized","Water","236.59 mL",0.00,0.00,0.00,0.00,,236.59,0.00,0.00,0.00,0.00,0.00,0.00,0.00,0.00,0.00,0.00,0.00,0.00,0.00,0.00,0.00,0.00,0.00,0.00,0.00,0.00,0.00,0.00,0.00,0.00,0.00,,,0.00,0.00,0.00,0.00,0.00,0.00,0.00,0.00,0.00,0.00,,,,0.00,,,0.00,0.00,0.00,0.00,0.00,0.00,0.00,0.00,0.00,0.00,0.00,0.00,"Beverages"
2026-05-24,10:31 ,"Breakfast","Arla, Skyr, Vanille, 0% Fat","250.00 g",182.50,,,,,,,,,,,,,,,,,,,,,,,,,,120.00,,21.50,21.50,,,,,18.75,,0.00,,,,0.00,,,,,,,,,,,,,,,,21.50,,,,,"Dairy and Egg Products"
2026-05-24,10:31 ,"Breakfast","Tenzing, Natural Energy Drink, Raspberry & Yuzu","1.00 Can",62.70,,105.60,,,,,,,,,,,,15.84,,,,,,,,,,,,132.00,,14.85,14.85,,,,,14.85,,0.00,,,,0.00,,,,,,,,,,,,,,,,0.00,,,,,"Beverages"
2026-05-24,10:31 ,"Breakfast","Honey","2.00 tbsp",127.68,,,,,7.18,,0.02,0.05,0.03,0.01,,0.84,,0.21,,,,2.52,0.02,0.18,0.84,0.03,1.68,21.84,0.34,1.68,0.09,34.52,34.61,0.08,,,0.03,34.49,34.49,,,,,,,,,,,,,,0.00,0.00,0.00,0.00,0.00,0.00,0.00,0.13,0.00,0.00,0.00,0.00,"Sweets"
2026-05-24,10:32 ,"Breakfast","barnhouse, Krunchy Dinkel mit regionalem Dinkel","50.00 g",225.47,,,,,,,,,,,,,,,,,,,,,,,,,,35.00,,33.00,36.00,3.00,,,,7.00,,7.50,,,,1.55,,,,,,,,,,,,,,,,4.85,,,,,"Breakfast Cereals"
2026-05-24,14:44 ,"Lunch","Gourmet, Doradenfilets","100.00 g",120.00,,,,,,,,,,,,,,,,,,,,,,,,,,12.00,,0.00,0.00,,,,,0.00,,4.90,,,,2.00,,,,,,,,,,,,,,,,19.00,,,,,"Finfish and Shellfish Products"
2026-05-24,14:43 ,"Lunch","Edamame Beans","100.00 g",121.00,0.00,0.00,27.00,258.40,72.77,0.20,0.16,0.92,0.40,0.10,0.00,311.00,14.92,6.10,0.00,0.68,26.70,63.00,0.35,2.27,64.00,1.02,169.00,436.00,0.80,6.00,1.37,3.58,8.91,5.20,2.86,2.34,1.51,2.18,0.00,5.20,0.00,1.28,2.16,0.62,0.01,0.36,0.36,0.00,0.00,1.79,0.00,1.79,0.12,0.27,0.30,0.75,0.75,0.14,0.49,11.91,0.33,0.13,0.34,0.32,"Vegetables and Vegetable Products"
2026-05-24,14:44 ,"Lunch","Jazz, Fresh Apple","100.00 g",53.72,,,,,85.56,0.02,0.03,0.09,0.06,0.04,,3.00,3.00,4.60,0.00,0.18,2.20,6.20,0.03,0.12,5.00,0.04,11.00,107.44,,1.00,0.04,11.98,14.05,2.07,,,0.05,10.33,0.00,0.17,0.00,0.01,0.05,0.03,0.00,0.01,,,,0.04,,,0.00,0.00,0.01,0.01,0.01,0.00,0.01,0.41,0.01,0.00,0.00,0.01,"Fruits and Fruit Juices"
